canton,year,HDD,CDD
AG,1984,1488.8,5.199999999999999
AG,1985,3590.4,5.600000000000001
AG,1986,3481.8,9.800000000000004
AG,1987,2442.7666666666664,2.699999999999998
AG,1988,2330.6666666666665,3.633333333333334
AG,1989,2464.066666666667,4.166666666666665
AG,1990,2461.5333333333333,7.866666666666668
AG,1991,2657.1666666666665,11.233333333333334
AG,1992,2586.375,21.1
AG,1993,2668.9,3.0
AG,1994,2363.075,31.6
AG,1995,2694.025,11.200000000000001
AG,1996,2955.2749999999996,2.6500000000000004
AG,1997,2287.0,1.4500000000000002
AG,1998,2684.25,18.049999999999997
AG,1999,2607.1,4.175000000000001
AG,2000,2399.425,4.375000000000002
AG,2001,2583.15,7.825000000000003
AG,2002,2426.025,14.875
AG,2003,2637.9,90.5
AG,2004,2633.15,7.5
AG,2005,2704.575,15.274999999999999
AG,2006,2641.7,34.625
AG,2007,2399.25,5.699999999999998
AG,2008,2559.8,11.424999999999997
AG,2009,2563.25,5.550000000000002
AG,2010,2363.7400000000002,14.52
AG,2011,2084.7,12.080000000000002
AG,2012,2346.58,9.860000000000001
AG,2013,2433.5,26.18
AG,2014,2007.36,8.139999999999999
AG,2015,2177.56,72.88000000000001
AG,2016,2267.92,11.580000000000002
AG,2017,2287.7599999999998,27.060000000000002
AG,2018,1983.6,47.82000000000001
AG,2019,2210.2400000000002,36.0
AG,2020,2063.68,18.58
AG,2021,2367.7400000000002,7.359999999999999
AG,2022,2001.58,42.6
AG,2023,1972.44,29.820000000000004
AG,2024,2010.52,21.240000000000002
AI,1882,929.6,0.0
AI,1883,2717.6,0.0
AI,1884,2745.6,0.0
AI,1885,2878.5,0.0
AI,1886,2854.7,0.0
AI,1887,2805.5,0.0
AI,1888,3022.8,0.0
AI,1889,2928.9,0.0
AI,1890,2985.3,0.0
AI,1891,2871.9,0.0
AI,1892,3046.3,0.0
AI,1893,2901.3,0.0
AI,1894,2923.0,0.0
AI,1895,3012.1,0.0
AI,1896,2938.5,0.0
AI,1897,2964.6,0.0
AI,1898,2811.5,0.0
AI,1899,2828.0,0.0
AI,1900,2960.2,0.0
AI,1901,2993.3,0.0
AI,1902,2889.5,0.0
AI,1903,2878.9,0.0
AI,1904,2833.5,0.0
AI,1905,2995.0,0.0
AI,1906,2940.1,0.0
AI,1907,2939.7,0.0
AI,1908,2959.6,0.0
AI,1909,3150.5,0.0
AI,1910,3080.5,0.0
AI,1911,2911.9,0.0
AI,1912,3074.2,0.0
AI,1913,2929.6,0.0
AI,1914,2822.6,0.0
AI,1915,2948.9,0.0
AI,1916,2888.9,0.0
AI,1917,3048.4,0.0
AI,1918,2871.2,0.0
AI,1919,2973.8,0.0
AI,1920,2728.2,0.0
AI,1921,2721.3,0.0
AI,1922,3076.1,0.0
AI,1923,2823.6,0.0
AI,1924,2921.8,0.0
AI,1925,2940.4,0.0
AI,1926,2803.3,0.0
AI,1927,2737.6,0.0
AI,1928,2798.5,0.0
AI,1929,2935.5,0.0
AI,1930,2823.3,0.0
AI,1931,2951.8,0.0
AI,1932,2925.1,0.0
AI,1933,2769.2,0.0
AI,1934,2765.3,0.0
AI,1935,3046.2,0.0
AI,1936,3071.0,0.0
AI,1937,2817.6,0.0
AI,1938,2903.5,0.0
AI,1939,2717.2,0.0
AI,1940,2959.0,0.0
AI,1941,3016.3,0.0
AI,1942,2812.8,0.0
AI,1943,2862.0,0.0
AI,1944,3087.6,0.0
AI,1945,3021.6,0.0
AI,1946,2734.5,0.0
AI,1947,2761.7,0.0
AI,1948,2645.3,0.0
AI,1949,2847.7,0.0
AI,1950,2710.5,0.0
AI,1951,2811.8,0.0
AI,1952,2917.3,0.0
AI,1953,2888.2,0.0
AI,1954,2998.2,0.0
AI,1955,2856.4,0.0
AI,1956,3160.6,0.0
AI,1957,2691.2,0.0
AI,1958,2844.2,0.0
AI,1959,2780.9,0.0
AI,1960,2941.6,0.0
AI,1961,2745.6,0.0
AI,1962,2880.8,0.0
AI,1963,2843.1,0.0
AI,1964,2829.7,0.0
AI,1965,3083.5,0.0
AI,1966,2767.1,0.0
AI,1967,2999.7,0.0
AI,1968,2924.7,0.0
AI,1969,2902.2,0.0
AI,1970,2969.4,0.0
AI,1971,2794.3,0.0
AI,1972,2779.4,0.0
AI,1973,2812.5,0.0
AI,1974,3045.0,0.0
AI,1975,2813.2,0.0
AI,1976,2822.8,0.0
AI,1977,2745.2,0.0
AI,1978,2841.2,0.0
AI,1979,2883.5,0.0
AI,1980,3105.6,0.0
AI,1981,2744.7,0.0
AI,1982,2618.5,0.0
AI,1983,2733.5,0.0
AI,1984,2912.8,0.0
AI,1985,2888.7,0.0
AI,1986,2787.0,0.0
AI,1987,2876.1,0.0
AI,1988,2759.7,0.0
AI,1989,2638.9,0.0
AI,1990,2783.5,0.0
AI,1991,2694.2,0.0
AI,1992,2626.2,0.0
AI,1993,2665.0,0.0
AI,1994,2649.5,0.0
AI,1995,2780.0,0.0
AI,1996,2796.1,0.0
AI,1997,2523.2,0.0
AI,1998,2696.4,0.0
AI,1999,2698.9,0.0
AI,2000,2644.9,0.0
AI,2001,2690.6,0.0
AI,2002,2686.8,0.0
AI,2003,2653.5,0.0
AI,2004,2687.4,0.0
AI,2005,2873.6,0.0
AI,2006,2826.1,0.0
AI,2007,2687.5,0.0
AI,2008,2686.7,0.0
AI,2009,2771.3,0.0
AI,2010,2855.1,0.0
AI,2011,2446.2,0.0
AI,2012,2861.2,0.0
AI,2013,2666.1,0.0
AI,2014,2505.5,0.0
AI,2015,2413.6,0.0
AI,2016,2754.1,0.0
AI,2017,2777.8,0.0
AI,2018,2472.9,0.0
AI,2019,2779.6,0.0
AI,2020,2558.0,0.0
AI,2021,2819.5,0.0
AI,2022,2609.5,0.0
AI,2023,2559.3,0.0
AI,2024,2472.1,0.0
BE,1864,1760.1,0.1999999999999993
BE,1865,1398.2,4.799999999999997
BE,1866,1287.2,0.5
BE,1867,1496.5,0.0
BE,1868,1386.0,2.1999999999999993
BE,1869,1394.3,1.4000000000000021
BE,1870,1631.1,13.600000000000001
BE,1871,1662.2,0.0
BE,1872,1353.0,0.0
BE,1873,1420.5,7.0
BE,1874,1511.8,13.600000000000001
BE,1875,1444.6,1.1999999999999993
BE,1876,1403.7,0.0
BE,1877,1269.4,2.900000000000002
BE,1878,1459.9,0.0
BE,1879,1624.4,5.300000000000001
BE,1880,1461.4,0.0
BE,1881,1464.2,11.599999999999998
BE,1882,1377.4,0.0
BE,1883,1489.2,2.400000000000002
BE,1884,1295.4,0.0
BE,1885,1425.2,0.10000000000000142
BE,1886,1430.9,1.3999999999999986
BE,1887,1444.9,0.40000000000000213
BE,1888,1635.9,3.1000000000000014
BE,1889,1025.6999999999998,2.1500000000000004
BE,1890,1638.9,0.0
BE,1891,1557.6,0.8499999999999996
BE,1892,1481.7,0.15000000000000036
BE,1893,1428.9,0.4499999999999993
BE,1894,1427.65,0.0
BE,1895,1496.15,0.0
BE,1896,1537.9,0.0
BE,1897,1453.3,1.6999999999999993
BE,1898,1399.75,0.6500000000000004
BE,1899,1321.5,0.09999999999999964
BE,1900,1404.0500000000002,0.6500000000000004
BE,1901,1506.0,1.0
BE,1902,1509.8,3.8500000000000014
BE,1903,1413.55,0.0
BE,1904,1375.9499999999998,2.5000000000000018
BE,1905,1476.05,7.999999999999998
BE,1906,1341.1,1.799999999999999
BE,1907,1429.1,0.5500000000000007
BE,1908,1528.85,0.5500000000000007
BE,1909,1608.9,0.15000000000000036
BE,1910,1522.2,0.0
BE,1911,1490.65,5.4499999999999975
BE,1912,1575.45,0.3000000000000007
BE,1913,1439.6,0.0
BE,1914,1452.8000000000002,0.0
BE,1915,1381.8,0.15000000000000036
BE,1916,1363.05,0.0
BE,1917,1564.6,0.0
BE,1918,1486.25,0.0
BE,1919,1476.8,1.3499999999999996
BE,1920,1350.25,0.0
BE,1921,1300.45,4.200000000000001
BE,1922,1532.75,1.950000000000001
BE,1923,1341.1999999999998,5.700000000000001
BE,1924,1505.1,1.4000000000000004
BE,1925,1454.1,0.34999999999999964
BE,1926,1323.85,0.0
BE,1927,1362.45,0.6999999999999993
BE,1928,1316.9,4.249999999999998
BE,1929,1532.85,0.8499999999999996
BE,1930,1292.35,0.6500000000000004
BE,1931,1493.675,1.3499999999999996
BE,1932,1694.42,0.0
BE,1933,1528.72,3.500000000000001
BE,1934,1607.5,0.13999999999999985
BE,1935,1687.7599999999998,0.17999999999999972
BE,1936,1680.1199999999997,0.0
BE,1937,1496.5,1.0
BE,1938,1621.22,0.8600000000000001
BE,1939,1541.1399999999999,0.0
BE,1940,1645.58,0.0
BE,1941,1789.3799999999999,2.6799999999999997
BE,1942,1632.2400000000002,0.0
BE,1943,1582.26,2.3200000000000003
BE,1944,1700.92,0.3400000000000006
BE,1945,1702.1200000000001,0.13999999999999985
BE,1946,1522.48,3.0600000000000014
BE,1947,1474.42,7.7799999999999985
BE,1948,1462.1,0.1
BE,1949,1606.72,5.3199999999999985
BE,1950,1473.56,2.320000000000001
BE,1951,1576.02,0.0
BE,1952,1599.94,13.459999999999999
BE,1953,1609.3,0.31999999999999956
BE,1954,1683.2599999999998,0.16000000000000014
BE,1955,1588.78,0.0
BE,1956,1851.3400000000001,0.0
BE,1957,1509.5800000000002,10.219999999999999
BE,1958,1591.3799999999999,0.9599999999999994
BE,1959,1577.3500000000001,3.1999999999999997
BE,1960,1415.857142857143,0.0
BE,1961,1408.0285714285712,1.0714285714285718
BE,1962,1648.3,0.8857142857142856
BE,1963,1689.8,0.12857142857142836
BE,1964,1640.042857142857,0.15714285714285733
BE,1965,1754.2571428571428,0.014285714285714488
BE,1966,1643.275,1.9125000000000005
BE,1967,1879.7125,2.762500000000001
BE,1968,1860.875,5.199999999999999
BE,1969,1939.9,1.3625000000000007
BE,1970,1872.175,2.0249999999999995
BE,1971,1987.7999999999997,3.3000000000000003
BE,1972,1822.375,0.9624999999999999
BE,1973,1898.8000000000002,0.8374999999999995
BE,1974,1869.35,1.4500000000000002
BE,1975,1845.6375,1.7125
BE,1976,1781.9625,2.887499999999999
BE,1977,1722.225,0.0
BE,1978,1912.58,0.16000000000000014
BE,1979,1747.65,0.43000000000000005
BE,1980,2016.0399999999997,0.8100000000000002
BE,1981,1577.19,0.2800000000000004
BE,1982,1513.8799999999999,0.97
BE,1983,1624.1100000000001,0.16999999999999993
BE,1984,1790.95,1.4100000000000006
BE,1985,1712.9599999999998,0.0
BE,1986,1738.3799999999999,1.2
BE,1987,1698.109090909091,0.054545454545454675
BE,1988,1551.3727272727272,0.045454545454545456
BE,1989,1620.609090909091,0.054545454545454675
BE,1990,1657.1818181818182,1.181818181818182
BE,1991,1592.0818181818183,1.6545454545454545
BE,1992,1562.4454545454546,5.0181818181818185
BE,1993,1585.0454545454545,0.00909090909090922
BE,1994,1440.0181818181818,8.763636363636364
BE,1995,1581.690909090909,1.4181818181818182
BE,1996,1698.409090909091,0.1545454545454548
BE,1997,1457.290909090909,0.2636363636363635
BE,1998,1549.1454545454544,5.909090909090909
BE,1999,1502.1363636363637,0.9818181818181819
BE,2000,1445.209090909091,0.3272727272727271
BE,2001,1507.3727272727272,1.836363636363636
BE,2002,1591.690909090909,0.0
BE,2003,1542.6,18.41818181818182
BE,2004,1540.8545454545456,0.3272727272727277
BE,2005,1652.0545454545454,0.09090909090909091
BE,2006,1653.6,1.763636363636364
BE,2007,1431.4636363636364,0.0
BE,2008,1498.0,0.18181818181818182
BE,2009,1544.5636363636365,0.0
BE,2010,1678.8636363636363,3.4000000000000004
BE,2011,1315.2272727272727,0.0
BE,2012,1429.823076923077,0.0
BE,2013,1709.7615384615385,3.5461538461538455
BE,2014,1497.2923076923075,0.8076923076923074
BE,2015,1420.7,22.71333333333333
BE,2016,1633.74,1.1266666666666663
BE,2017,1673.6733333333332,4.966666666666668
BE,2018,1406.38,8.693333333333333
BE,2019,1663.6866666666667,4.533333333333333
BE,2020,1506.5800000000002,2.433333333333334
BE,2021,1706.26,0.3533333333333334
BE,2022,1523.6266666666668,5.779999999999999
BE,2023,1450.5666666666666,5.726666666666666
BE,2024,1436.9,2.726666666666667
BL,1864,1479.9,5.699999999999999
BL,1865,1160.5,6.900000000000002
BL,1866,1049.5,1.1999999999999993
BL,1867,1269.9,0.8999999999999986
BL,1868,1189.4,8.899999999999999
BL,1869,1157.4,2.799999999999997
BL,1870,1423.9,21.199999999999996
BL,1871,1493.9,0.3999999999999986
BL,1872,1142.5,0.0
BL,1873,1243.7,11.899999999999999
BL,1874,1321.2,19.800000000000008
BL,1875,1291.8,6.399999999999995
BL,1876,1264.9,11.7
BL,1877,1137.1,14.399999999999999
BL,1878,1304.7,0.0
BL,1879,1443.1,17.5
BL,1880,1224.0,0.0
BL,1881,1299.5,22.6
BL,1882,1180.8,2.0
BL,1883,1332.7,4.900000000000002
BL,1884,1136.4,18.300000000000004
BL,1885,1310.0,5.900000000000002
BL,1886,1289.2,6.299999999999997
BL,1887,1318.5,9.100000000000005
BL,1888,1481.9,7.400000000000002
BL,1889,1337.8,13.100000000000001
BL,1890,1482.1,3.0
BL,1891,1348.7,4.0
BL,1892,1298.7,3.0
BL,1893,1298.0,8.999999999999996
BL,1894,1266.0,4.199999999999999
BL,1895,1352.1,7.199999999999999
BL,1896,1340.7,4.5
BL,1897,1309.8,4.899999999999999
BL,1898,1166.0,3.5
BL,1899,1144.7,6.199999999999999
BL,1900,1234.7,2.3000000000000007
BL,1901,1346.7,3.6999999999999993
BL,1902,1333.6,9.3
BL,1903,1163.5,1.0
BL,1904,1187.3,14.100000000000005
BL,1905,1261.5,15.700000000000003
BL,1906,1158.9,9.2
BL,1907,1238.8,3.1000000000000014
BL,1908,1364.2,5.5
BL,1909,1407.7,2.3000000000000007
BL,1910,1284.9,0.0
BL,1911,1304.7,29.899999999999995
BL,1912,1347.2,3.1999999999999993
BL,1913,1187.6,0.0
BL,1914,1204.6,2.1000000000000014
BL,1915,1114.5,4.0
BL,1916,1130.6,1.1000000000000014
BL,1917,1329.0,0.3999999999999986
BL,1918,1241.1,0.0
BL,1919,1275.9,5.0
BL,1920,1200.8,0.5
BL,1921,1097.1,20.1
BL,1922,1321.2,3.1999999999999993
BL,1923,1108.9,20.7
BL,1924,1280.3,0.9000000000000021
BL,1925,1223.6,6.9999999999999964
BL,1926,1068.4,0.0
BL,1927,1140.9,6.600000000000001
BL,1928,1131.4,11.400000000000002
BL,1929,1399.2,4.300000000000001
BL,1930,1202.6,3.6999999999999993
BL,1931,1385.2,6.099999999999998
BL,1932,1391.8,1.3000000000000007
BL,1933,1184.8,9.2
BL,1934,1249.2,3.3000000000000007
BL,1935,1313.1,5.600000000000001
BL,1936,1295.9,0.0
BL,1937,1142.2,8.8
BL,1938,1278.7,6.300000000000001
BL,1939,1190.5,0.5
BL,1940,1336.3,0.0
BL,1941,1489.3,7.899999999999999
BL,1942,1346.7,4.100000000000001
BL,1943,1270.8,6.400000000000002
BL,1944,1297.6,4.099999999999998
BL,1945,1303.7,2.0
BL,1946,1217.1,20.900000000000002
BL,1947,1241.2,27.1
BL,1948,1135.7,4.899999999999999
BL,1949,1279.5,22.900000000000002
BL,1950,1164.4,15.799999999999997
BL,1951,1245.4,0.0
BL,1952,1263.8,42.89999999999999
BL,1953,1327.6,0.9000000000000021
BL,1954,1410.9,2.5
BL,1955,1250.2,0.0
BL,1956,1489.7,3.3999999999999986
BL,1957,1227.3,29.400000000000006
BL,1958,1231.5,3.700000000000003
BL,1959,1201.5,10.600000000000001
BL,1960,1200.9,0.0
BL,1961,1007.4,6.800000000000001
BL,1962,1343.2,7.0
BL,1963,1364.3,2.1000000000000014
BL,1964,1272.8,1.8999999999999986
BL,1965,1345.0,1.0
BL,1966,1061.2,4.100000000000001
BL,1967,1321.0,1.6999999999999993
BL,1968,1324.4,11.7
BL,1969,1355.4,0.3000000000000007
BL,1970,1267.4,3.8000000000000007
BL,1971,1376.4,12.600000000000001
BL,1972,1191.3,3.1999999999999957
BL,1973,1316.0,6.899999999999999
BL,1974,1208.7,2.6000000000000014
BL,1975,1250.1,11.599999999999998
BL,1976,1151.9,22.000000000000004
BL,1977,1102.1,0.8999999999999986
BL,1978,1344.7,0.0
BL,1979,1175.2,0.0
BL,1980,1399.7,4.800000000000001
BL,1981,1108.1,2.099999999999998
BL,1982,957.3000000000001,4.5
BL,1983,2286.5,19.1
BL,1984,2547.65,10.599999999999998
BL,1985,2504.3,3.299999999999997
BL,1986,2521.9,6.950000000000003
BL,1987,2540.7,2.950000000000001
BL,1988,2217.8999999999996,3.0000000000000018
BL,1989,2199.35,4.0
BL,1990,2189.8,11.100000000000001
BL,1991,2363.3,14.649999999999999
BL,1992,2226.2,26.0
BL,1993,2322.35,3.5
BL,1994,2038.6,30.450000000000003
BL,1995,2262.35,12.450000000000005
BL,1996,2534.05,4.800000000000001
BL,1997,2159.85,5.35
BL,1998,2182.05,24.9
BL,1999,2114.9,6.85
BL,2000,1946.25,8.200000000000001
BL,2001,2151.75,8.399999999999999
BL,2002,2089.05,8.999999999999998
BL,2003,2209.9,89.19999999999999
BL,2004,2263.45,12.699999999999998
BL,2005,2280.8,14.4
BL,2006,2230.7,26.400000000000002
BL,2007,1993.3000000000002,5.6999999999999975
BL,2008,2152.0,6.199999999999999
BL,2009,2143.55,9.499999999999998
BL,2010,2441.0,25.4
BL,2011,1879.45,11.899999999999999
BL,2012,2204.25,12.050000000000002
BL,2013,2302.1,25.85
BL,2014,1856.95,16.0
BL,2015,1995.5500000000002,79.95
BL,2016,2145.55,14.900000000000002
BL,2017,2130.1,32.9
BL,2018,1871.65,44.8
BL,2019,2066.9,40.2
BL,2020,1885.75,34.95
BL,2021,2207.75,7.5
BL,2022,1850.65,41.55
BL,2023,1823.8000000000002,38.39999999999999
BL,2024,1886.9499999999998,24.0
BS,1992,2782.6,14.899999999999999
BS,1993,3296.1,0.8999999999999986
BS,1994,2886.7,26.4
BS,1995,3072.2,8.2
BS,1996,3688.4,0.5
BS,1997,3206.9,0.9000000000000021
BS,1998,3134.5,16.4
BS,1999,3166.3,2.1999999999999993
BS,2000,2858.9,3.1000000000000014
BS,2001,3189.4,4.399999999999999
BS,2002,2968.1,9.5
BS,2003,3103.8,62.6
BS,2004,3339.3,1.1999999999999993
BS,2005,3288.0,12.100000000000001
BS,2006,3239.8,21.499999999999993
BS,2007,2966.4,2.6000000000000014
BS,2008,3221.5,1.3000000000000043
BS,2009,3156.0,4.100000000000001
BS,2010,3095.7,9.100000000000009
FL,1971,1531.1,6.0
FL,1972,1182.5,16.4
FL,1973,1383.9,4.699999999999996
FL,1974,1178.2,10.100000000000001
FL,1975,1223.2,20.70000000000001
FL,1976,1220.3,10.100000000000005
FL,1977,1096.8,6.199999999999999
FL,1978,1326.8,6.5
FL,1979,1232.3,0.0
FL,1980,1492.1,5.0
FL,1981,1168.9,3.8000000000000007
FL,1982,1145.4,4.0
FL,1983,1296.3,6.100000000000001
FL,1984,1344.6,13.099999999999998
FL,1985,1243.4,1.8999999999999986
FL,1986,1387.1,8.600000000000001
FL,1987,1372.1,0.8999999999999986
FL,1988,1171.2,1.9000000000000021
FL,1989,1354.1,0.8000000000000007
FL,1990,1349.6,4.0
FL,1991,1228.5,12.600000000000001
FL,1992,1169.5,18.5
FL,1993,1253.4,3.1999999999999993
FL,1994,1066.6,21.9
FL,1995,1241.4,5.300000000000004
FL,1996,1320.5,1.5
FL,1997,1114.9,3.3000000000000007
FL,1998,1157.1,24.0
FL,1999,1088.5,15.7
FL,2000,1002.5,10.600000000000001
FL,2001,1069.5,13.400000000000002
FL,2002,1173.9,2.0
FL,2003,1208.0,60.599999999999994
FL,2004,1215.7,5.5
FL,2005,1254.4,3.1000000000000014
FL,2006,1345.9,9.5
FL,2007,1047.8,1.1000000000000014
FL,2008,1026.9,6.400000000000002
FL,2009,1109.5,2.0
FL,2010,1265.8,29.5
FL,2011,923.2,5.100000000000001
FL,2012,1224.2,3.1000000000000014
FL,2013,1203.0,13.500000000000004
FL,2014,902.1,19.699999999999996
FL,2015,1106.1,65.19999999999999
FL,2016,1091.7,5.599999999999994
FL,2017,1144.3,32.900000000000006
FL,2018,834.3,24.7
FL,2019,1167.5,16.4
FL,2020,1028.1,11.899999999999999
FL,2021,1193.0,2.5
FL,2022,1064.4,12.5
FL,2023,975.6,25.599999999999994
FL,2024,966.6,20.9
FR,1931,1526.9,3.6499999999999986
FR,1932,1562.85,0.0
FR,1933,1377.15,5.799999999999999
FR,1934,1494.0500000000002,0.6500000000000004
FR,1935,1509.45,0.0
FR,1936,1510.9499999999998,0.0
FR,1937,1320.15,0.05000000000000071
FR,1938,1452.0,1.0
FR,1939,1389.4,0.0
FR,1940,1492.45,0.0
FR,1941,1658.3000000000002,2.6500000000000004
FR,1942,1477.95,0.0
FR,1943,1401.15,0.9499999999999993
FR,1944,1488.65,0.05000000000000071
FR,1945,1509.35,0.0
FR,1946,1384.15,3.700000000000003
FR,1947,1340.9,11.75
FR,1948,1293.35,0.0
FR,1949,1467.2,6.500000000000002
FR,1950,1294.0,5.65
FR,1951,1437.35,0.0
FR,1952,1410.5,19.2
FR,1953,1502.1,0.0
FR,1954,1568.0,0.0
FR,1955,1448.7,0.0
FR,1956,1680.75,0.0
FR,1957,1384.6999999999998,13.250000000000004
FR,1958,1399.5500000000002,1.6999999999999993
FR,1959,1369.65,3.3500000000000014
FR,1960,1391.4,0.0
FR,1961,1202.9,0.40000000000000036
FR,1962,1500.8,0.9999999999999982
FR,1963,1560.65,0.0
FR,1964,1514.0,0.0
FR,1965,1613.1999999999998,0.0
FR,1966,1277.1,0.40000000000000036
FR,1967,1544.65,0.45000000000000107
FR,1968,1529.8000000000002,2.3500000000000014
FR,1969,926.2,0.0
FR,1970,1515.4,2.0
FR,1971,1079.5,0.10000000000000142
FR,1972,1482.9,0.0
FR,1973,1558.4,0.0
FR,1974,1497.5,0.8000000000000007
FR,1975,1482.5,0.0
FR,1976,1392.5,2.6000000000000014
FR,1977,1329.5,0.0
FR,1978,1596.8,0.0
FR,1979,1335.1,0.0
FR,1980,1585.2,0.1999999999999993
FR,1981,1276.1,0.40000000000000213
FR,1982,1166.0,1.0500000000000007
FR,1983,3392.45,0.5999999999999996
FR,1984,3842.5,0.6500000000000004
FR,1985,3663.2000000000003,0.0
FR,1986,3660.15,0.8000000000000007
FR,1987,3613.6,0.0
FR,1988,3491.65,0.05000000000000071
FR,1989,2631.8666666666663,0.0
FR,1990,3610.0,0.13333333333333286
FR,1991,3753.2666666666664,1.400000000000001
FR,1992,3580.5,3.8000000000000007
FR,1993,3722.5333333333333,0.0
FR,1994,3391.7333333333336,5.566666666666667
FR,1995,3737.066666666667,1.5666666666666664
FR,1996,3904.9,0.06666666666666643
FR,1997,3452.7000000000003,0.16666666666666666
FR,1998,3637.8333333333335,5.400000000000001
FR,1999,3589.866666666667,0.6999999999999993
FR,2000,3476.7333333333336,0.5333333333333327
FR,2001,3633.066666666667,0.4666666666666674
FR,2002,3544.133333333333,1.2000000000000017
FR,2003,3454.0333333333333,18.366666666666664
FR,2004,3698.9666666666667,0.16666666666666666
FR,2005,3713.8000000000006,0.4666666666666662
FR,2006,3199.133333333333,1.500000000000001
FR,2007,3478.1,0.0
FR,2008,3627.0333333333333,0.5
FR,2009,3541.7333333333336,0.9000000000000009
FR,2010,3895.9666666666667,1.7333333333333332
FR,2011,3201.7333333333336,0.8999999999999998
FR,2012,3552.866666666667,1.633333333333334
FR,2013,3693.8333333333335,3.900000000000001
FR,2014,2645.575,0.7999999999999998
FR,2015,2772.1,24.975
FR,2016,2941.6499999999996,0.7750000000000021
FR,2017,2945.025,7.799999999999999
FR,2018,2693.325,7.875
FR,2019,2884.275,7.875
FR,2020,2696.35,4.0249999999999995
FR,2021,3021.6000000000004,0.1750000000000007
FR,2022,2604.325,7.4750000000000005
FR,2023,2651.65,7.424999999999999
FR,2024,2644.8999999999996,2.2250000000000014
GE,1954,1356.5,2.5
GE,1955,1230.1,0.0
GE,1956,1446.9,0.1999999999999993
GE,1957,1204.7,25.599999999999994
GE,1958,1217.9,4.100000000000001
GE,1959,1218.1,10.2
GE,1960,1205.7,0.0
GE,1961,1043.1,2.8999999999999986
GE,1962,1316.7,6.299999999999997
GE,1963,1357.4,0.0
GE,1964,1299.6,1.1999999999999993
GE,1965,1395.5,0.0
GE,1966,1081.7,2.5
GE,1967,1337.2,1.6000000000000014
GE,1968,1298.4,9.600000000000005
GE,1969,1352.8,0.6000000000000014
GE,1970,1312.7,4.699999999999999
GE,1971,1387.0,9.900000000000002
GE,1972,1247.1,6.299999999999997
GE,1973,1323.9,0.8999999999999986
GE,1974,1280.1,1.7999999999999972
GE,1975,1286.0,2.1000000000000014
GE,1976,1216.4,7.700000000000003
GE,1977,1141.6,0.0
GE,1978,1353.8,0.0
GE,1979,1176.8,1.0
GE,1980,1371.0,2.1999999999999993
GE,1981,1141.5,1.6000000000000014
GE,1982,1094.2,9.5
GE,1983,1215.1,4.199999999999996
GE,1984,1338.4,7.0000000000000036
GE,1985,1261.3,0.0
GE,1986,1302.2,9.699999999999996
GE,1987,1264.0,2.3000000000000007
GE,1988,1120.3,4.300000000000001
GE,1989,1219.9,2.5
GE,1990,1196.2,10.599999999999998
GE,1991,1145.6,15.800000000000004
GE,1992,1100.3,20.3
GE,1993,1207.4,5.199999999999996
GE,1994,1005.0,37.699999999999996
GE,1995,1138.9,13.999999999999996
GE,1996,1223.5,3.6000000000000014
GE,1997,1066.1,4.699999999999999
GE,1998,1105.7,17.900000000000002
GE,1999,1005.8,10.400000000000002
GE,2000,951.5,11.299999999999997
GE,2001,999.8,7.100000000000001
GE,2002,1105.6,2.400000000000002
GE,2003,1099.4,83.1
GE,2004,1068.0,15.400000000000002
GE,2005,1132.4,1.3999999999999986
GE,2006,1195.9,12.600000000000001
GE,2007,948.9,0.6000000000000014
GE,2008,1053.9,10.099999999999998
GE,2009,1072.6,2.8000000000000007
GE,2010,1262.7,23.5
GE,2011,933.8,1.4999999999999964
GE,2012,1155.4,2.1999999999999993
GE,2013,1158.0,15.100000000000001
GE,2014,917.2,5.800000000000001
GE,2015,1072.5,69.0
GE,2016,1093.5,9.400000000000002
GE,2017,1149.2,39.1
GE,2018,921.1,38.099999999999994
GE,2019,1094.2,21.700000000000006
GE,2020,980.2,21.299999999999997
GE,2021,1114.5,0.1999999999999993
GE,2022,1013.1,33.9
GE,2023,930.9,32.4
GE,2024,965.0,28.599999999999994
GL,1878,1447.7,0.0
GL,1879,1827.8,0.3000000000000007
GL,1880,1640.0,0.0
GL,1881,1341.0,0.3999999999999986
GL,1882,1652.8,0.0
GL,1883,1828.8,0.0
GL,1884,1597.5,0.0
GL,1885,1783.4,0.0
GL,1886,1771.3,0.0
GL,1887,1695.7,0.0
GL,1888,1916.4,0.0
GL,1889,1769.1,0.0
GL,1890,1898.1,0.0
GL,1891,1833.1,0.0
GL,1892,1803.7,0.0
GL,1893,1767.9,0.0
GL,1894,1732.5,0.0
GL,1895,1762.0,1.0
GL,1896,1815.1,0.0
GL,1897,1704.2,1.5999999999999979
GL,1898,1622.9,0.0
GL,1899,1511.8,0.0
GL,1900,1679.0,0.0
GL,1901,1800.7,0.0
GL,1902,1714.9,0.0
GL,1903,1630.0,0.0
GL,1904,1576.7,0.0
GL,1905,1775.7,4.300000000000001
GL,1906,1638.1,0.0
GL,1907,1691.9,0.3000000000000007
GL,1908,1858.7,0.0
GL,1909,1978.7,0.0
GL,1910,1836.6,0.0
GL,1911,1801.0,0.0
GL,1912,1857.7,0.0
GL,1913,1723.0,0.0
GL,1914,1723.4,0.0
GL,1915,1675.8,0.0
GL,1916,1630.7,0.0
GL,1917,1881.9,0.0
GL,1918,1680.3,0.0
GL,1919,1783.6,0.0
GL,1920,1611.3,0.0
GL,1921,1566.0,1.1999999999999993
GL,1922,1873.4,2.1000000000000014
GL,1923,1613.9,0.0
GL,1924,1789.1,1.6999999999999993
GL,1925,1728.9,0.0
GL,1926,1572.7,0.0
GL,1927,1598.6,0.6999999999999993
GL,1928,1615.2,1.8999999999999986
GL,1929,1825.2,0.1999999999999993
GL,1930,1583.8,0.0
GL,1931,1679.8,1.3000000000000007
GL,1932,1639.25,0.0
GL,1933,1503.5,0.40000000000000036
GL,1934,1549.45,0.0
GL,1935,1653.1,0.5500000000000007
GL,1936,1621.0,0.0
GL,1937,1433.8000000000002,2.049999999999999
GL,1938,1603.4,0.0
GL,1939,1482.75,0.0
GL,1940,1619.4,0.0
GL,1941,1761.2,2.3499999999999996
GL,1942,1562.85,0.5
GL,1943,1571.85,1.75
GL,1944,1664.85,0.0
GL,1945,1675.4,0.0
GL,1946,1478.25,0.6499999999999986
GL,1947,1476.1,2.5999999999999996
GL,1948,1439.4,0.0
GL,1949,1627.6,0.1999999999999993
GL,1950,1506.2,0.3000000000000007
GL,1951,1495.5,0.05000000000000071
GL,1952,1574.8,12.4
GL,1953,1609.95,0.0
GL,1954,1703.9,0.0
GL,1955,1576.6,0.0
GL,1956,1851.0500000000002,0.5
GL,1957,1433.3000000000002,13.2
GL,1958,1535.0,1.8499999999999996
GL,1959,1502.05,3.2500000000000018
GL,1960,1519.5500000000002,0.0
GL,1961,1350.5,0.7499999999999982
GL,1962,1607.45,0.6500000000000004
GL,1963,1612.8,0.05000000000000071
GL,1964,1608.25,0.0
GL,1965,1706.35,0.5999999999999996
GL,1966,1372.65,0.1999999999999993
GL,1967,1648.7,0.05000000000000071
GL,1968,1596.5500000000002,1.7000000000000028
GL,1969,1693.85,0.0
GL,1970,1592.25,0.5500000000000007
GL,1971,1701.35,0.45000000000000107
GL,1972,1467.9499999999998,0.6500000000000021
GL,1973,1619.7,0.0
GL,1974,1618.8000000000002,0.0
GL,1975,1584.65,0.0
GL,1976,1510.4,0.0
GL,1977,1437.25,0.0
GL,1978,1676.0,0.0
GL,1979,1493.1,0.0
GL,1980,1757.1999999999998,0.20000000000000107
GL,1981,1459.0500000000002,0.0
GL,1982,1405.3000000000002,0.7000000000000011
GL,1983,1541.65,0.0
GL,1984,1630.9499999999998,3.1500000000000004
GL,1985,1588.85,0.0
GL,1986,1641.15,1.6499999999999986
GL,1987,1657.45,0.0
GL,1988,1503.6999999999998,0.0
GL,1989,1577.65,0.0
GL,1990,1611.9499999999998,0.40000000000000036
GL,1991,1518.6,2.700000000000003
GL,1992,1466.1,2.950000000000001
GL,1993,1507.8,0.6500000000000004
GL,1994,1322.6999999999998,5.0
GL,1995,1510.15,0.40000000000000036
GL,1996,1559.9,0.0
GL,1997,1366.25,0.0
GL,1998,1469.45,7.749999999999998
GL,1999,1415.55,3.200000000000001
GL,2000,1318.65,0.0
GL,2001,1407.5,4.249999999999998
GL,2002,1469.2,0.0
GL,2003,1467.3,18.15
GL,2004,1482.5,0.05000000000000071
GL,2005,1572.8,0.0
GL,2006,1599.4,1.25
GL,2007,1359.6999999999998,0.0
GL,2008,1353.65,0.0
GL,2009,1439.95,0.0
GL,2010,1570.2,5.449999999999999
GL,2011,1233.75,0.3000000000000007
GL,2012,1559.1,0.0
GL,2013,1477.8000000000002,1.4000000000000004
GL,2014,1230.4,1.450000000000001
GL,2015,1339.35,20.049999999999997
GL,2016,1394.7,0.40000000000000036
GL,2017,1464.25,5.600000000000001
GL,2018,1124.15,8.400000000000002
GL,2019,1473.9,1.0
GL,2020,1319.1,0.0
GL,2021,1522.1,0.0
GL,2022,1370.9,2.049999999999999
GL,2023,1301.35,5.600000000000001
GL,2024,1229.15,2.4499999999999975
GR,1863,266.6,0.0
GR,1864,2569.3,0.0
GR,1865,2386.4,0.0
GR,1866,2227.9,0.0
GR,1867,2394.0,0.0
GR,1868,2272.2,0.0
GR,1869,2238.8,0.0
GR,1870,2439.55,0.0
GR,1871,2319.15,0.0
GR,1872,2311.1,0.0
GR,1873,1623.5,0.0
GR,1874,2290.95,0.0
GR,1875,1536.1499999999999,0.0
GR,1876,2316.1,0.0
GR,1877,2246.55,0.0
GR,1878,2404.1,0.0
GR,1879,2423.8999999999996,0.0
GR,1880,2179.25,0.0
GR,1881,2197.5,0.0
GR,1882,2171.2,0.0
GR,1883,2377.6499999999996,0.0
GR,1884,2120.55,0.0
GR,1885,2245.95,0.0
GR,1886,2294.85,0.0
GR,1887,1955.6666666666667,0.8000000000000007
GR,1888,2122.9666666666667,0.06666666666666643
GR,1889,1935.8999999999999,1.3000000000000007
GR,1890,2120.1,0.0
GR,1891,2049.4666666666667,0.13333333333333286
GR,1892,2083.0333333333333,0.0
GR,1893,1981.1333333333332,0.0
GR,1894,1970.8666666666668,0.0
GR,1895,2003.3999999999999,0.0
GR,1896,2022.5,0.0
GR,1897,1936.9666666666665,2.0333333333333337
GR,1898,1857.8999999999999,0.39999999999999974
GR,1899,1824.3666666666666,0.10000000000000024
GR,1900,1911.6000000000001,0.033333333333333805
GR,1901,2006.9666666666665,0.40000000000000097
GR,1902,1949.9333333333332,1.3333333333333333
GR,1903,1903.7333333333333,0.16666666666666666
GR,1904,1834.9333333333332,0.6000000000000002
GR,1905,2037.1333333333332,3.7333333333333343
GR,1906,1919.2,1.1333333333333329
GR,1907,1944.4333333333332,0.5
GR,1908,2061.4,0.0
GR,1909,2160.9333333333334,0.16666666666666666
GR,1910,2067.7000000000003,0.0
GR,1911,1922.5333333333335,1.0
GR,1912,2076.1,0.0
GR,1913,1741.5,0.6000000000000014
GR,1914,1811.3999999999999,0.0
GR,1915,1904.2333333333336,0.9333333333333336
GR,1916,1862.4333333333334,0.0
GR,1917,2287.9,0.0
GR,1918,2140.3,0.0
GR,1919,2214.15,0.17499999999999982
GR,1920,2001.425,0.0
GR,1921,1959.4,2.1000000000000005
GR,1922,2227.8,0.9750000000000005
GR,1923,2007.9249999999997,2.9250000000000007
GR,1924,2133.4,0.4500000000000002
GR,1925,2128.925,1.1000000000000005
GR,1926,1982.675,0.0
GR,1927,1978.925,0.27500000000000036
GR,1928,1995.125,0.9500000000000002
GR,1929,2212.575,0.6749999999999998
GR,1930,1930.8200000000002,0.6600000000000001
GR,1931,2098.975,0.2124999999999999
GR,1932,2004.825,0.0
GR,1933,1904.9,0.5750000000000002
GR,1934,1946.3625,0.07500000000000018
GR,1935,2095.5125,0.32499999999999973
GR,1936,2076.2875,0.10000000000000009
GR,1937,1890.975,0.8250000000000002
GR,1938,2009.6125,0.2749999999999999
GR,1939,1872.55,0.0
GR,1940,2055.1625,0.0
GR,1941,2129.85,0.40000000000000036
GR,1942,1919.4875,0.10000000000000009
GR,1943,1972.2125,0.8625000000000003
GR,1944,1965.1875,0.23750000000000027
GR,1945,2009.7,0.02499999999999991
GR,1946,1885.0,0.9375
GR,1947,1882.375,2.2250000000000005
GR,1948,1798.4125,0.23749999999999982
GR,1949,1955.95,0.8500000000000001
GR,1950,1862.6875,1.2000000000000002
GR,1951,1961.7375000000002,0.2875000000000001
GR,1952,1979.1125,4.4625
GR,1953,2013.1375,0.0
GR,1954,2093.6,0.04999999999999982
GR,1955,1949.8875,0.0
GR,1956,2220.775,0.1875
GR,1957,1810.1999999999998,3.65
GR,1958,1951.2,1.0000000000000004
GR,1959,1865.0307692307692,1.8692307692307693
GR,1960,1916.723076923077,0.0
GR,1961,1714.6846153846154,1.1615384615384616
GR,1962,1917.8846153846155,0.7384615384615383
GR,1963,1946.646153846154,0.5846153846153848
GR,1964,1870.2307692307693,0.3923076923076927
GR,1965,1924.3,1.107142857142857
GR,1966,1807.2785714285715,0.5214285714285715
GR,1967,2009.0785714285716,1.3785714285714283
GR,1968,1973.6066666666666,2.173333333333333
GR,1969,1985.8600000000001,0.19333333333333325
GR,1970,1993.4399999999998,1.5399999999999996
GR,1971,1940.6,1.5066666666666666
GR,1972,1884.59375,1.4499999999999997
GR,1973,1927.625,0.59375
GR,1974,2018.225,0.7687499999999998
GR,1975,1968.34375,1.0125
GR,1976,1893.825,0.45625000000000004
GR,1977,1921.4133333333334,0.1
GR,1978,2054.7133333333336,0.0
GR,1979,1992.4705882352941,0.0
GR,1980,2861.6117647058823,1.2294117647058822
GR,1981,2476.0882352941176,0.6823529411764707
GR,1982,2515.38125,0.8375000000000006
GR,1983,2586.43125,0.6124999999999998
GR,1984,2778.025,1.3812500000000005
GR,1985,2702.15,0.06875000000000009
GR,1986,2681.1,1.3562499999999997
GR,1987,2701.5375,0.5125000000000002
GR,1988,2502.08125,0.31250000000000044
GR,1989,2565.91875,0.07499999999999996
GR,1990,2629.76875,0.96875
GR,1991,2680.0733333333333,4.026666666666667
GR,1992,2451.5,2.78125
GR,1993,2690.438888888889,0.4055555555555556
GR,1994,2932.605555555556,3.355555555555556
GR,1995,3174.238888888889,0.9777777777777783
GR,1996,3213.616666666667,0.7500000000000002
GR,1997,2960.5555555555557,0.8666666666666667
GR,1998,2952.827777777778,2.1555555555555563
GR,1999,3060.5055555555555,1.0055555555555558
GR,2000,2979.75,0.7666666666666673
GR,2001,3059.5055555555555,1.1166666666666665
GR,2002,3044.144444444444,0.08888888888888877
GR,2003,3027.327777777778,11.094444444444445
GR,2004,3044.4777777777776,1.5277777777777783
GR,2005,3213.0055555555555,0.6833333333333336
GR,2006,3074.3,2.361111111111111
GR,2007,2925.061111111111,0.4499999999999999
GR,2008,2831.157894736842,2.2473684210526317
GR,2009,2949.2842105263157,0.6315789473684212
GR,2010,3009.331578947368,3.4894736842105267
GR,2011,2497.305,0.7149999999999999
GR,2012,2977.56,1.2650000000000001
GR,2013,2818.442857142857,1.2142857142857142
GR,2014,2519.2565217391307,0.5869565217391306
GR,2015,2312.353846153846,6.126923076923077
GR,2016,2611.0884615384616,0.4192307692307692
GR,2017,2621.646153846154,1.8884615384615384
GR,2018,2374.6,2.5730769230769233
GR,2019,2615.6423076923074,0.4961538461538464
GR,2020,2499.9884615384613,0.8615384615384618
GR,2021,2749.8653846153848,0.09230769230769226
GR,2022,2497.0,1.4
GR,2023,2435.1846153846154,1.5615384615384615
GR,2024,2390.7115384615386,1.9923076923076928
JU,1959,3306.8,2.700000000000003
JU,1960,3418.4,0.1999999999999993
JU,1961,3078.6,0.6000000000000014
JU,1962,3773.7,4.799999999999997
JU,1963,3890.4,1.8000000000000007
JU,1964,3468.0,11.499999999999996
JU,1965,3577.7,2.599999999999998
JU,1966,3279.9,2.1000000000000014
JU,1967,3478.0,3.1000000000000014
JU,1968,3603.2,2.3000000000000007
JU,1969,3747.9,3.8999999999999986
JU,1970,3664.3,1.8999999999999986
JU,1971,3731.9,5.099999999999998
JU,1972,3795.9,0.10000000000000142
JU,1973,3693.6,0.0
JU,1974,3396.8,2.9999999999999964
JU,1975,3463.3,0.10000000000000142
JU,1976,3547.4,1.0
JU,1977,3305.6,0.6000000000000014
JU,1978,3639.7,0.0
JU,1979,3462.0,0.10000000000000142
JU,1980,3748.8,0.1999999999999993
JU,1981,2369.55,1.9499999999999975
JU,1982,2208.15,2.6499999999999986
JU,1983,2357.95,12.55
JU,1984,2564.7,11.399999999999999
JU,1985,2556.85,2.200000000000001
JU,1986,2540.4,6.6
JU,1987,2515.3500000000004,1.5500000000000007
JU,1988,2200.65,1.5500000000000007
JU,1989,2288.6,1.6500000000000004
JU,1990,2290.15,6.0500000000000025
JU,1991,2393.15,6.199999999999999
JU,1992,2302.85,14.4
JU,1993,2335.65,0.9500000000000011
JU,1994,2035.45,26.75
JU,1995,2277.4,6.5500000000000025
JU,1996,2531.15,0.09999999999999964
JU,1997,2250.85,0.40000000000000036
JU,1998,2296.8,16.049999999999997
JU,1999,2134.0,5.149999999999999
JU,2000,2005.4499999999998,5.9499999999999975
JU,2001,2156.4,4.4
JU,2002,2119.1,8.8
JU,2003,2228.4,71.1
JU,2004,2267.25,6.350000000000001
JU,2005,2322.85,10.399999999999997
JU,2006,2256.8,21.85
JU,2007,2029.15,4.25
JU,2008,2168.45,4.25
JU,2009,2145.9,7.050000000000001
JU,2010,2427.25,16.35
JU,2011,1874.05,10.450000000000001
JU,2012,2278.25,10.1
JU,2013,2370.6,13.350000000000001
JU,2014,1946.65,5.049999999999997
JU,2015,2104.8,53.650000000000006
JU,2016,2236.65,8.75
JU,2017,2234.65,18.450000000000003
JU,2018,1930.4499999999998,26.649999999999995
JU,2019,2174.65,23.1
JU,2020,1975.75,16.799999999999997
JU,2021,2275.8999999999996,4.599999999999998
JU,2022,1941.6,22.799999999999994
JU,2023,1849.3000000000002,23.049999999999997
JU,2024,1970.6999999999998,12.4
LU,1880,1260.2,4.699999999999999
LU,1881,3655.0,24.900000000000002
LU,1882,3486.4,0.3000000000000007
LU,1883,3554.8,1.0
LU,1884,3397.2,4.300000000000001
LU,1885,3535.6,0.10000000000000142
LU,1886,3504.2,5.300000000000001
LU,1887,3973.2,2.700000000000003
LU,1888,3816.0,1.5
LU,1889,3820.5,4.899999999999999
LU,1890,3830.6,0.0
LU,1891,3901.0,4.599999999999998
LU,1892,3599.6,7.5
LU,1893,3456.3,3.400000000000002
LU,1894,3526.1,1.6000000000000014
LU,1895,3651.3,0.6999999999999993
LU,1896,3724.4,0.6000000000000014
LU,1897,3442.2,4.199999999999999
LU,1898,3325.7,1.3000000000000007
LU,1899,3368.2,2.6000000000000014
LU,1900,3305.1,13.900000000000002
LU,1901,3649.6,2.099999999999998
LU,1902,3614.2,7.200000000000003
LU,1903,3518.4,0.1999999999999993
LU,1904,3370.4,9.099999999999994
LU,1905,3616.5,10.900000000000006
LU,1906,3521.4,4.300000000000001
LU,1907,3546.0,0.6000000000000014
LU,1908,3684.2,6.4999999999999964
LU,1909,3686.3,0.0
LU,1910,3471.6,0.6000000000000014
LU,1911,3328.8,30.900000000000002
LU,1912,3553.7,0.6999999999999993
LU,1913,3321.4,0.0
LU,1914,3519.4,0.20000000000000284
LU,1915,3497.5,1.3000000000000007
LU,1916,3340.0,0.40000000000000213
LU,1917,3643.0,1.2999999999999972
LU,1918,3392.5,8.200000000000003
LU,1919,3580.1,3.3000000000000007
LU,1920,3239.0,3.900000000000002
LU,1921,3125.0,19.799999999999997
LU,1922,3584.5,1.6000000000000014
LU,1923,3284.4,14.899999999999999
LU,1924,3581.5,2.8000000000000007
LU,1925,3426.6,4.200000000000003
LU,1926,3258.5,0.3999999999999986
LU,1927,3324.0,1.3000000000000007
LU,1928,3228.9,12.599999999999998
LU,1929,3597.2,9.300000000000004
LU,1930,3152.1,4.0
LU,1931,3626.9,7.5
LU,1932,3541.0,6.5
LU,1933,3602.2,13.399999999999999
LU,1934,3123.9,4.300000000000004
LU,1935,3430.6,15.400000000000006
LU,1936,3214.7,2.5
LU,1937,3236.0,6.900000000000006
LU,1938,3361.2,7.0
LU,1939,3409.9,0.0
LU,1940,3676.7,0.0
LU,1941,3642.1,18.000000000000004
LU,1942,3476.1,1.1999999999999993
LU,1943,3065.4,22.4
LU,1944,3440.6,12.7
LU,1945,3220.9,22.400000000000002
LU,1946,3212.2,18.900000000000006
LU,1947,3054.7,72.9
LU,1948,3054.8,6.599999999999998
LU,1949,3002.2,29.999999999999993
LU,1950,3152.2,26.999999999999993
LU,1951,3208.0,3.6999999999999993
LU,1952,3259.4,38.39999999999999
LU,1953,3236.6,4.699999999999999
LU,1954,3361.7,1.7999999999999972
LU,1955,3280.1,2.5
LU,1956,3829.1,1.0
LU,1957,3436.8,25.099999999999994
LU,1958,3382.4,5.799999999999997
LU,1959,3225.7,8.500000000000004
LU,1960,3354.9,0.9000000000000021
LU,1961,3068.3,7.300000000000001
LU,1962,3708.3,13.7
LU,1963,3811.1,2.0
LU,1964,3436.5,16.300000000000004
LU,1965,3664.8,4.800000000000001
LU,1966,3282.4,6.399999999999999
LU,1967,3338.5,12.100000000000005
LU,1968,3446.4,10.199999999999996
LU,1969,3610.0,8.099999999999998
LU,1970,3587.7,7.300000000000001
LU,1971,3323.2,22.299999999999997
LU,1972,3414.1,10.900000000000006
LU,1973,3342.2,20.699999999999996
LU,1974,3038.9,15.7
LU,1975,3147.5,19.8
LU,1976,3165.4,44.9
LU,1977,3016.3,0.8000000000000043
LU,1978,3590.1,0.10000000000000142
LU,1979,3383.7,0.8999999999999986
LU,1980,3550.5,2.3000000000000007
LU,1981,3354.8,1.5
LU,1982,3186.6,6.900000000000002
LU,1983,3219.1,41.2
LU,1984,3503.6,8.499999999999996
LU,1985,3616.2,6.5
LU,1986,3475.4,6.600000000000001
LU,1987,3477.0,3.3999999999999986
LU,1988,3046.3,7.300000000000004
LU,1989,3083.4,1.6000000000000014
LU,1990,3050.2,9.600000000000001
LU,1991,3256.2,13.200000000000006
LU,1992,3045.0,28.5
LU,1993,3049.0,5.800000000000004
LU,1994,2679.3,39.0
LU,1995,3086.3,19.700000000000003
LU,1996,3492.4,1.8000000000000007
LU,1997,3094.0,2.3000000000000007
LU,1998,3149.3,26.399999999999995
LU,1999,3150.9,6.5
LU,2000,2903.0,6.200000000000003
LU,2001,3074.3,13.8
LU,2002,2887.1,25.700000000000003
LU,2003,3130.4,82.8
LU,2004,3136.7,7.4999999999999964
LU,2005,3253.3,26.099999999999994
LU,2006,3098.4,44.099999999999994
LU,2007,2878.7,9.000000000000007
LU,2008,3113.8,11.600000000000001
LU,2009,3011.1,14.500000000000004
LU,2010,1418.3666666666666,7.766666666666665
LU,2011,1720.3,6.000000000000003
LU,2012,1590.175,4.899999999999999
LU,2013,1816.125,11.725000000000001
LU,2014,1548.025,3.1000000000000005
LU,2015,1472.1,39.52
LU,2016,1686.06,5.28
LU,2017,1726.06,11.62
LU,2018,1454.1399999999999,20.939999999999998
LU,2019,1693.2599999999998,15.580000000000002
LU,2020,1555.5,6.279999999999998
LU,2021,1777.7400000000002,3.419999999999999
LU,2022,1543.04,13.719999999999999
LU,2023,1488.94,16.5
LU,2024,1498.3,8.360000000000001
NE,1864,1783.35,5.500000000000002
NE,1865,1484.1,3.9000000000000004
NE,1866,1415.4499999999998,1.4000000000000004
NE,1867,1593.8,1.799999999999999
NE,1868,1482.1,5.15
NE,1869,1465.85,4.1
NE,1870,1716.5500000000002,14.25
NE,1871,1761.1999999999998,0.3500000000000014
NE,1872,1486.95,0.0
NE,1873,1539.3,7.499999999999998
NE,1874,1563.95,9.750000000000004
NE,1875,1576.7,1.4499999999999993
NE,1876,1567.7,5.249999999999998
NE,1877,1492.1,1.6500000000000004
NE,1878,1614.75,0.0
NE,1879,1740.4499999999998,5.000000000000002
NE,1880,1542.4,0.0
NE,1881,1585.85,13.350000000000001
NE,1882,1478.65,0.0
NE,1883,1627.9,2.549999999999999
NE,1884,1393.45,3.1499999999999986
NE,1885,1566.15,2.8000000000000007
NE,1886,1525.6999999999998,1.700000000000001
NE,1887,1495.7,6.399999999999997
NE,1888,1691.35,2.6000000000000014
NE,1889,1628.75,3.3500000000000014
NE,1890,1716.9,0.3000000000000007
NE,1891,1638.4,1.4000000000000004
NE,1892,1615.75,1.5500000000000007
NE,1893,1502.1999999999998,4.050000000000001
NE,1894,1512.1999999999998,1.0500000000000007
NE,1895,1615.6,1.8500000000000014
NE,1896,1622.5,1.25
NE,1897,1577.2,2.8500000000000014
NE,1898,1424.9499999999998,1.3499999999999996
NE,1899,1389.0500000000002,4.4
NE,1900,1513.8000000000002,2.3499999999999996
NE,1901,1665.9333333333334,2.0333333333333337
NE,1902,1622.9333333333334,6.3
NE,1903,1546.5666666666666,0.6666666666666679
NE,1904,1527.7333333333333,8.6
NE,1905,1662.7333333333333,7.499999999999997
NE,1906,1541.0333333333335,6.3999999999999995
NE,1907,1603.1666666666667,1.2999999999999996
NE,1908,1653.8333333333333,0.13333333333333286
NE,1909,1809.9333333333334,0.2333333333333331
NE,1910,1724.8333333333333,0.0
NE,1911,1601.0333333333335,12.366666666666667
NE,1912,1733.8333333333333,0.5
NE,1913,1555.7666666666667,0.0
NE,1914,1549.2,1.0333333333333339
NE,1915,1531.1666666666667,0.5
NE,1916,1538.8666666666668,1.1666666666666654
NE,1917,1713.9333333333334,0.0
NE,1918,1581.8333333333333,0.0
NE,1919,1649.9666666666665,3.266666666666667
NE,1920,1525.7333333333333,0.0
NE,1921,1410.0,9.266666666666666
NE,1922,1694.1000000000001,0.5
NE,1923,1482.6333333333332,10.566666666666665
NE,1924,1628.5333333333335,0.7000000000000005
NE,1925,1603.5333333333335,0.9999999999999988
NE,1926,1503.5333333333335,0.0
NE,1927,1523.6333333333332,0.7333333333333331
NE,1928,1462.0333333333335,8.7
NE,1929,1681.1000000000001,0.7333333333333331
NE,1930,1488.6000000000001,1.4666666666666661
NE,1931,1649.6666666666667,1.3333333333333333
NE,1932,1700.6000000000001,0.0
NE,1933,1409.6333333333332,4.233333333333334
NE,1934,1551.8,2.0000000000000013
NE,1935,1683.3,0.3333333333333333
NE,1936,1680.3666666666668,0.0
NE,1937,1475.1333333333332,0.5666666666666664
NE,1938,1571.0666666666666,2.6
NE,1939,1520.7666666666667,0.0
NE,1940,1623.7666666666667,0.0
NE,1941,1782.3666666666668,2.8000000000000007
NE,1942,1576.3999999999999,0.13333333333333286
NE,1943,1549.2,1.4333333333333336
NE,1944,1675.7333333333333,1.4666666666666661
NE,1945,1635.5666666666668,0.6666666666666679
NE,1946,1518.7666666666667,8.133333333333333
NE,1947,1477.0666666666666,12.300000000000002
NE,1948,1416.7333333333333,1.7000000000000004
NE,1949,1582.3333333333333,8.3
NE,1950,1439.5,4.500000000000001
NE,1951,1555.0,0.20000000000000048
NE,1952,1572.8,23.36666666666667
NE,1953,1573.1666666666667,0.16666666666666666
NE,1954,1690.1000000000001,0.5666666666666664
NE,1955,1551.0,0.0
NE,1956,1808.3,0.0
NE,1957,1445.0,13.733333333333334
NE,1958,1506.8999999999999,1.366666666666666
NE,1959,1587.175,3.3000000000000007
NE,1960,1636.1,0.0
NE,1961,1444.425,0.7750000000000004
NE,1962,1706.675,1.9250000000000007
NE,1963,1735.925,0.4250000000000007
NE,1964,1670.2250000000001,1.2250000000000005
NE,1965,1804.875,0.0
NE,1966,1460.2,1.6499999999999986
NE,1967,1755.675,0.2999999999999998
NE,1968,1708.025,3.6999999999999993
NE,1969,1787.8,1.1500000000000012
NE,1970,1682.175,1.1500000000000004
NE,1971,1744.675,3.55
NE,1972,1618.825,1.5249999999999986
NE,1973,1733.575,1.2000000000000002
NE,1974,1724.225,0.8999999999999995
NE,1975,1686.175,2.6500000000000004
NE,1976,1590.65,3.0
NE,1977,1564.4,0.0
NE,1978,1779.075,0.0
NE,1979,1592.125,0.0
NE,1980,1897.75,0.7000000000000002
NE,1981,1566.475,1.2249999999999996
NE,1982,1497.175,3.249999999999999
NE,1983,1640.6,2.325
NE,1984,1779.0,1.8499999999999996
NE,1985,1694.125,0.09999999999999964
NE,1986,1743.3,3.075
NE,1987,1729.65,0.3250000000000002
NE,1988,1554.925,1.1500000000000004
NE,1989,1624.275,0.6750000000000007
NE,1990,1652.6999999999998,3.875
NE,1991,1417.28,3.5
NE,1992,1821.78,6.600000000000001
NE,1993,1878.6,2.1799999999999997
NE,1994,1685.98,10.959999999999999
NE,1995,1892.72,5.24
NE,1996,2049.12,0.38000000000000045
NE,1997,1818.28,0.8999999999999992
NE,1998,1841.72,9.960000000000003
NE,1999,1829.56,0.8
NE,2000,1721.9599999999998,0.7399999999999999
NE,2001,1827.1,2.66
NE,2002,1861.72,3.160000000000001
NE,2003,1864.9599999999998,28.740000000000002
NE,2004,1868.6599999999999,2.2400000000000007
NE,2005,1966.7599999999998,4.32
NE,2006,1958.22,8.98
NE,2007,1693.36,0.7600000000000001
NE,2008,1806.22,2.12
NE,2009,1840.28,2.6199999999999997
NE,2010,2004.4599999999998,8.16
NE,2011,1604.16,2.8600000000000003
NE,2012,1858.36,2.920000000000001
NE,2013,1811.64,9.739999999999998
NE,2014,1602.48,2.2600000000000002
NE,2015,1685.4,35.279999999999994
NE,2016,1814.3400000000001,5.559999999999999
NE,2017,1855.58,11.98
NE,2018,1573.0,16.68
NE,2019,1827.3,13.5
NE,2020,1661.4,8.559999999999999
NE,2021,1893.5400000000002,2.56
NE,2022,1665.3,19.860000000000003
NE,2023,1598.44,16.66
NE,2024,1606.1,10.860000000000001
OW,1864,2040.9,0.0
OW,1865,1763.9,0.0
OW,1866,1623.0,0.0
OW,1867,1822.4,0.0
OW,1868,1774.1,0.0
OW,1869,1655.6,0.0
OW,1870,1928.8,2.3000000000000007
OW,1871,1993.2,0.0
OW,1872,1677.5,0.0
OW,1873,1753.7,0.0
OW,1874,1785.3,0.0
OW,1875,1825.6,0.0
OW,1876,1731.7,0.0
OW,1877,1657.0,0.0
OW,1878,1875.0,0.0
OW,1879,1919.1,0.0
OW,1880,1771.2,0.0
OW,1881,1790.4,0.0
OW,1882,1732.5,0.0
OW,1883,1854.4,0.0
OW,1884,1616.1,0.0
OW,1885,1815.5,0.0
OW,1886,1809.4,0.0
OW,1887,1729.8,0.0
OW,1888,1929.2,0.0
OW,1889,1846.3,0.0
OW,1890,2014.1,0.0
OW,1891,1945.1,0.0
OW,1892,1914.2,0.0
OW,1893,1847.1,0.0
OW,1894,1812.3999999999999,0.0
OW,1895,1850.6,0.0
OW,1896,1896.3,0.0
OW,1897,1811.1,0.8999999999999986
OW,1898,1718.9,0.0
OW,1899,1610.5,0.0
OW,1900,1773.6,0.0
OW,1901,1869.8,0.0
OW,1902,1803.6,0.0
OW,1903,1737.6,0.0
OW,1904,1671.2,0.0
OW,1905,1853.0,0.0
OW,1906,1716.4,0.0
OW,1907,1811.2,0.0
OW,1908,1899.9,0.0
OW,1909,1995.1,0.0
OW,1910,1868.2,0.0
OW,1911,1829.8,0.0
OW,1912,1855.9,0.0
OW,1913,1730.0,0.0
OW,1914,1735.2,0.0
OW,1915,1695.1,0.0
OW,1916,1675.0,0.0
OW,1917,1896.1,0.0
OW,1918,1763.6,0.0
OW,1919,1813.8,0.0
OW,1920,1667.5,0.0
OW,1921,1632.4,0.0
OW,1922,1892.0,0.0
OW,1923,1672.0,0.0
OW,1924,1850.7,0.3999999999999986
OW,1925,1795.5,0.0
OW,1926,1617.4,0.0
OW,1927,1664.8,0.0
OW,1928,1647.2,0.0
OW,1929,1847.2,0.0
OW,1930,1641.9,0.0
OW,1931,1831.1,0.0
OW,1932,1794.5,0.0
OW,1933,1645.5,0.0
OW,1934,1708.6,0.0
OW,1935,1818.9,0.0
OW,1936,1793.3,0.0
OW,1937,1605.6,0.0
OW,1938,1721.1000000000001,0.0
OW,1939,1635.6,0.0
OW,1940,1778.7,0.0
OW,1941,1952.6,0.0
OW,1942,1729.4,0.0
OW,1943,1727.3,0.3000000000000007
OW,1944,1841.1,0.0
OW,1945,1832.2,0.0
OW,1946,1627.2,0.0
OW,1947,1595.3,0.0
OW,1948,1534.6,0.0
OW,1949,1761.8,0.0
OW,1950,1609.3,0.3999999999999986
OW,1951,1684.8,0.0
OW,1952,1718.9,2.099999999999998
OW,1953,1774.5,0.0
OW,1954,1894.4,0.0
OW,1955,1759.8,0.0
OW,1956,2035.2,0.0
OW,1957,1640.6,0.6999999999999993
OW,1958,1706.4,0.10000000000000142
OW,1959,1653.8,0.10000000000000142
OW,1960,1716.3,0.0
OW,1961,1530.5,0.0
OW,1962,1787.9,0.0
OW,1963,1811.7,0.0
OW,1964,1806.1,0.0
OW,1965,1904.8,0.0
OW,1966,1552.8,0.0
OW,1967,1832.9,0.0
OW,1968,1786.6,0.0
OW,1969,1877.5,0.0
OW,1970,1772.8,0.0
OW,1971,1882.4,0.0
OW,1972,1667.9,0.0
OW,1973,1784.0,0.0
OW,1974,1789.8,0.0
OW,1975,1798.1,0.0
OW,1976,1687.8,0.0
OW,1977,1611.6,0.0
OW,1978,1847.3,0.0
OW,1979,1657.8,0.0
OW,1980,1948.5,0.0
OW,1981,1951.1999999999998,0.0
OW,1982,1868.8,0.0
OW,1983,1967.9,0.0
OW,1984,2140.5,0.9499999999999993
OW,1985,2118.55,0.0
OW,1986,2101.8,0.0
OW,1987,2129.3999999999996,0.0
OW,1988,2010.25,0.0
OW,1989,1991.95,0.0
OW,1990,2073.8,0.0
OW,1991,2023.9,0.0
OW,1992,1958.9,0.0
OW,1993,2833.366666666667,0.0
OW,1994,3789.6666666666665,0.0
OW,1995,4058.933333333333,0.0
OW,1996,4082.2000000000003,0.0
OW,1997,3760.933333333333,0.0
OW,1998,3775.866666666667,0.13333333333333286
OW,1999,3812.3000000000006,50.6
OW,2000,3805.8000000000006,0.0
OW,2001,3744.8000000000006,55.03333333333334
OW,2002,3834.4666666666667,10.899999999999999
OW,2003,3852.4666666666667,0.5
OW,2004,3924.866666666667,0.0
OW,2005,4182.233333333334,0.0
OW,2006,3833.566666666667,0.0
OW,2007,3879.4,0.0
OW,2008,3951.7333333333336,0.0
OW,2009,3990.1666666666665,0.0
OW,2010,3231.225,0.025000000000000355
OW,2011,3037.925,0.0
OW,2012,2501.125,0.0
OW,2013,2605.25,0.5250000000000004
OW,2014,3125.175,0.3250000000000002
OW,2015,3064.25,10.35
OW,2016,3260.125,0.20000000000000018
OW,2017,3299.4750000000004,1.1749999999999998
OW,2018,3000.4500000000003,3.0249999999999995
OW,2019,3204.425,1.4250000000000007
OW,2020,3088.425,0.4250000000000007
OW,2021,3227.175,0.0
OW,2022,3090.95,1.4749999999999988
OW,2023,3003.775,1.9500000000000002
OW,2024,3006.55,0.7000000000000002
SG,1864,1793.2,0.8999999999999986
SG,1865,920.5,0.0
SG,1866,1331.7,0.0
SG,1867,1555.9,0.0
SG,1868,1460.4,0.0
SG,1869,1436.4,0.0
SG,1870,1169.5,13.900000000000002
SG,1871,1633.9,1.1499999999999986
SG,1872,1294.3000000000002,0.75
SG,1873,1367.9,2.9000000000000004
SG,1874,1495.1999999999998,14.850000000000001
SG,1875,1476.55,4.699999999999999
SG,1876,1416.0,0.75
SG,1877,1304.2,6.300000000000001
SG,1878,1533.3000000000002,0.0
SG,1879,1555.3,7.400000000000004
SG,1880,1432.25,0.0
SG,1881,1454.1999999999998,12.149999999999999
SG,1882,1352.3,0.0
SG,1883,1526.85,2.299999999999999
SG,1884,1296.3,2.5
SG,1885,1475.7,1.3500000000000014
SG,1886,1432.2,4.1999999999999975
SG,1887,1443.85,1.4499999999999993
SG,1888,1637.1,3.3000000000000007
SG,1889,1482.3000000000002,3.8499999999999996
SG,1890,1665.15,0.0
SG,1891,1678.7,3.3000000000000007
SG,1892,1655.2,0.0
SG,1893,1660.9,0.0
SG,1894,1561.2,0.0
SG,1895,1622.5,0.0
SG,1896,1691.9,0.0
SG,1897,1647.7,0.8000000000000007
SG,1898,1466.5,0.0
SG,1899,1417.4,0.0
SG,1900,1554.3,0.0
SG,1901,1641.0,0.3000000000000007
SG,1902,1601.9,0.5
SG,1903,1439.6,0.0
SG,1904,1466.6,0.10000000000000142
SG,1905,1541.2,8.0
SG,1906,1452.8,1.8000000000000007
SG,1907,1545.9,2.0
SG,1908,1678.2,1.3999999999999986
SG,1909,1757.0,0.0
SG,1910,1616.2,0.0
SG,1911,1603.2,0.0
SG,1912,1675.2,0.6999999999999993
SG,1913,1501.9,0.0
SG,1914,1491.1,0.0
SG,1915,1444.2,0.0
SG,1916,1418.1,0.0
SG,1917,1652.1,0.0
SG,1918,1507.1,0.0
SG,1919,1592.9,0.0
SG,1920,1463.8,0.0
SG,1921,1387.8,3.1999999999999993
SG,1922,1657.6,0.0
SG,1923,1444.2,1.8000000000000007
SG,1924,1608.4,1.0
SG,1925,1513.0,0.8999999999999986
SG,1926,1411.8,0.0
SG,1927,1477.5,1.3000000000000007
SG,1928,1446.7,3.5
SG,1929,1667.0,0.0
SG,1930,1432.9,1.8999999999999986
SG,1931,1606.3,0.3000000000000007
SG,1932,1591.5,0.0
SG,1933,1438.1,4.399999999999999
SG,1934,1467.2,0.0
SG,1935,1613.6,0.1999999999999993
SG,1936,1582.7,0.0
SG,1937,1415.7,0.1999999999999993
SG,1938,986.75,0.0
SG,1939,1356.4,0.40000000000000036
SG,1940,1533.6,0.0
SG,1941,1654.75,3.4000000000000004
SG,1942,1436.65,1.0999999999999996
SG,1943,1437.1,5.65
SG,1944,1513.25,2.5999999999999996
SG,1945,1537.95,0.25
SG,1946,1344.3,7.299999999999997
SG,1947,1348.45,11.4
SG,1948,1269.6,2.0999999999999996
SG,1949,1460.0500000000002,7.449999999999999
SG,1950,1325.4,7.15
SG,1951,1359.5,3.1000000000000014
SG,1952,1435.95,20.049999999999997
SG,1953,1484.85,0.0
SG,1954,1595.65,1.0999999999999996
SG,1955,1442.3000000000002,0.0
SG,1956,1666.3,0.5
SG,1957,1305.45,18.65
SG,1958,1388.15,5.350000000000001
SG,1959,1382.5333333333335,3.8000000000000007
SG,1960,1400.2666666666667,0.0
SG,1961,1207.2333333333333,3.4666666666666663
SG,1962,1504.5666666666666,1.7000000000000004
SG,1963,1559.3333333333333,3.633333333333333
SG,1964,1532.3,0.8000000000000007
SG,1965,1608.9333333333334,1.0666666666666664
SG,1966,1258.1000000000001,1.133333333333334
SG,1967,1535.0,1.5333333333333339
SG,1968,1527.2666666666667,4.933333333333333
SG,1969,1579.2333333333333,0.10000000000000024
SG,1970,1465.2,1.1000000000000003
SG,1971,1618.3333333333333,2.5666666666666687
SG,1972,1357.8666666666666,2.9333333333333336
SG,1973,1489.5666666666668,1.3666666666666671
SG,1974,1453.6333333333332,0.6666666666666655
SG,1975,1370.0,0.13333333333333286
SG,1976,1379.8,2.0000000000000013
SG,1977,1284.8,0.033333333333333805
SG,1978,1587.3,0.0
SG,1979,1368.3333333333333,0.0
SG,1980,1619.3,1.8333333333333346
SG,1981,1311.3666666666666,1.0333333333333339
SG,1982,1286.3,3.099999999999999
SG,1983,1421.7,1.400000000000001
SG,1984,1535.8999999999999,6.566666666666666
SG,1985,1456.4333333333334,0.2333333333333331
SG,1986,1525.7,3.233333333333333
SG,1987,1571.7666666666667,0.0
SG,1988,1346.1,0.16666666666666666
SG,1989,1459.0333333333335,0.13333333333333286
SG,1990,1484.8333333333333,2.3000000000000007
SG,1991,1396.8333333333333,6.166666666666669
SG,1992,1323.6000000000001,11.933333333333335
SG,1993,1789.125,0.7000000000000002
SG,1994,1621.35,15.45
SG,1995,1842.3,3.5
SG,1996,2013.6,1.0750000000000002
SG,1997,1726.525,1.875
SG,1998,1750.975,15.65
SG,1999,1710.8500000000001,8.675
SG,2000,1549.125,4.300000000000002
SG,2001,1671.175,7.0249999999999995
SG,2002,1745.85,3.7250000000000005
SG,2003,1810.2,41.150000000000006
SG,2004,1834.3,2.450000000000002
SG,2005,1895.25,3.7749999999999995
SG,2006,1893.8,11.225000000000001
SG,2007,1621.3500000000001,5.2
SG,2008,1696.1,4.6000000000000005
SG,2009,1732.575,2.4749999999999996
SG,2010,1932.5,16.025000000000002
SG,2011,1572.875,5.574999999999998
SG,2012,1794.925,5.375000000000001
SG,2013,1821.1,12.125
SG,2014,1515.3,7.6000000000000005
SG,2015,1421.94,45.22
SG,2016,1589.1,4.660000000000001
SG,2017,1659.1599999999999,17.500000000000004
SG,2018,1348.54,17.6
SG,2019,1626.1200000000001,13.279999999999998
SG,2020,1505.04,7.7799999999999985
SG,2021,1697.58,4.039999999999999
SG,2022,1508.56,12.74
SG,2023,1426.26,18.240000000000002
SG,2024,1410.6200000000001,12.68
SH,1863,418.3,0.0
SH,1864,1620.1,0.1999999999999993
SH,1865,1320.1,5.0
SH,1866,1183.0,0.0
SH,1867,1370.8,0.0
SH,1868,1232.7,6.399999999999999
SH,1869,1241.8,0.8999999999999986
SH,1870,1535.5,21.499999999999996
SH,1871,1284.3,0.0
SH,1874,520.2,0.0
SH,1875,1464.9,2.1999999999999993
SH,1876,1460.6,0.0
SH,1877,1361.9,4.800000000000001
SH,1878,1475.8,0.0
SH,1879,1624.8,7.0
SH,1880,1450.1,0.0
SH,1881,1436.6,4.600000000000001
SH,1882,1368.9,0.0
SH,1883,1473.1,1.5
SH,1884,1266.1,0.0
SH,1885,1397.4,0.0
SH,1886,1449.0,0.8999999999999986
SH,1887,1438.2,5.0
SH,1888,1640.5,4.699999999999999
SH,1889,1473.2,4.0
SH,1890,1635.5,0.0
SH,1891,1522.0,2.1999999999999993
SH,1892,1445.8,1.5
SH,1893,1448.8,0.0
SH,1894,1369.8,2.8999999999999986
SH,1895,1494.7,0.6000000000000014
SH,1896,1517.1,0.0
SH,1897,1488.8,4.899999999999999
SH,1898,1327.4,1.8999999999999986
SH,1899,1345.1,1.0
SH,1900,1406.0,0.6000000000000014
SH,1901,1498.6,2.5
SH,1902,1512.5,5.899999999999999
SH,1903,1360.3,0.5
SH,1904,1348.9,3.8999999999999986
SH,1905,1445.9,11.5
SH,1906,1359.4,1.8000000000000007
SH,1907,1446.6,0.0
SH,1908,1585.3,0.0
SH,1909,1593.6,0.0
SH,1910,1509.4,0.0
SH,1911,1521.5,6.300000000000001
SH,1912,1591.5,1.6999999999999993
SH,1913,1439.2,0.0
SH,1914,1485.8,0.0
SH,1915,1356.0,0.0
SH,1916,1314.5,0.0
SH,1917,1568.7,0.0
SH,1918,1451.5,0.0
SH,1919,1474.7,0.5
SH,1920,1372.2,0.0
SH,1921,1279.3,6.199999999999999
SH,1922,1523.1,0.5
SH,1923,1310.6,9.800000000000004
SH,1924,1495.9,0.0
SH,1925,1427.0,1.0999999999999979
SH,1926,1288.2,0.0
SH,1927,1362.4,1.6000000000000014
SH,1928,1312.5,3.1000000000000014
SH,1929,1542.0,0.0
SH,1930,1327.2,3.5
SH,1931,1534.8,0.8999999999999986
SH,1932,1497.9,0.0
SH,1933,1318.8,5.0
SH,1934,1369.1,0.3999999999999986
SH,1935,1472.9,0.0
SH,1936,1466.0,0.3999999999999986
SH,1937,1279.3,4.099999999999998
SH,1938,1419.6,1.3999999999999986
SH,1939,1355.0,0.0
SH,1940,1488.4,0.0
SH,1941,1616.7,4.600000000000001
SH,1942,1444.4,1.6000000000000014
SH,1943,1369.1,7.599999999999998
SH,1944,1393.6,2.6000000000000014
SH,1945,1421.4,0.5
SH,1946,1305.8,9.3
SH,1947,1353.3,15.599999999999998
SH,1948,1275.2,4.5000000000000036
SH,1949,1378.5,13.299999999999997
SH,1950,1266.9,11.099999999999994
SH,1951,1370.9,0.6000000000000014
SH,1952,1376.6,36.5
SH,1953,1409.9,0.0
SH,1954,1479.8,1.1999999999999993
SH,1955,1369.0,0.0
SH,1956,1539.7,2.3000000000000007
SH,1957,1270.7,20.900000000000002
SH,1958,1308.3,3.1999999999999993
SH,1959,1271.6,6.550000000000001
SH,1960,1313.45,0.0
SH,1961,1121.05,3.650000000000002
SH,1962,1446.95,0.7499999999999982
SH,1963,1454.75,3.1000000000000014
SH,1964,1386.9,1.0
SH,1965,1475.3,0.5
SH,1966,1174.15,2.3999999999999986
SH,1967,1396.25,2.0999999999999996
SH,1968,1428.2,8.299999999999999
SH,1969,1455.0,0.0
SH,1970,1400.1999999999998,3.349999999999998
SH,1971,1433.15,12.5
SH,1972,1310.55,1.8499999999999996
SH,1973,1383.5,4.0
SH,1974,1323.6,1.3499999999999996
SH,1975,1327.65,6.150000000000002
SH,1976,1300.65,11.7
SH,1977,1246.25,0.9000000000000004
SH,1978,1497.25,0.0
SH,1979,1321.45,0.0
SH,1980,1546.8000000000002,2.4499999999999993
SH,1981,877.8,2.6500000000000004
SH,1982,1270.45,3.4499999999999993
SH,1983,1359.95,4.549999999999999
SH,1984,1472.6,6.25
SH,1985,1430.95,0.0
SH,1986,1476.35,2.400000000000002
SH,1987,1490.6,0.9999999999999982
SH,1988,1252.55,0.0
SH,1989,1354.4499999999998,1.0500000000000007
SH,1990,1373.7,6.449999999999999
SH,1991,1318.35,12.300000000000004
SH,1992,1270.35,15.299999999999999
SH,1993,1338.15,2.700000000000001
SH,1994,1155.5500000000002,21.75
SH,1995,1321.05,7.15
SH,1996,1451.65,1.9499999999999993
SH,1997,1233.2,1.0999999999999996
SH,1998,1271.6,13.650000000000002
SH,1999,1168.6,6.050000000000001
SH,2000,1097.0,0.5500000000000025
SH,2001,1211.5,5.999999999999998
SH,2002,1253.35,0.0
SH,2003,1290.5,56.25
SH,2004,1258.3,6.449999999999996
SH,2005,1288.2,0.5500000000000007
SH,2006,1358.25,6.549999999999997
SH,2007,1062.6999999999998,0.0
SH,2008,1159.6,3.950000000000001
SH,2009,1232.25,0.0
SH,2010,1386.65,14.6
SH,2011,1048.55,1.3000000000000007
SH,2012,1344.65,0.0
SH,2013,1264.0,8.049999999999997
SH,2014,1086.6,7.35
SH,2015,1175.6999999999998,47.85
SH,2016,1206.5500000000002,1.799999999999999
SH,2017,1287.9499999999998,13.399999999999997
SH,2018,1007.1999999999999,26.75
SH,2019,1269.85,8.0
SH,2020,1135.15,11.1
SH,2021,1294.4,0.40000000000000036
SH,2022,1181.35,15.150000000000002
SH,2023,1095.3,8.5
SH,2024,1059.4499999999998,9.8
SO,1987,1180.4,0.3999999999999986
SO,1988,1201.8,0.0
SO,1989,1322.0,0.3999999999999986
SO,1990,1327.5,1.4000000000000021
SO,1991,1267.0,7.699999999999999
SO,1992,1314.5500000000002,13.900000000000004
SO,1993,2337.95,0.6500000000000004
SO,1994,2016.6000000000001,19.75
SO,1995,2284.5,9.55
SO,1996,2489.7,1.1999999999999993
SO,1997,2217.0,1.1999999999999993
SO,1998,2250.7,12.749999999999995
SO,1999,2185.25,2.700000000000001
SO,2000,2011.9499999999998,2.0000000000000018
SO,2001,2152.1,4.450000000000001
SO,2002,2125.2,7.800000000000001
SO,2003,2245.25,52.40000000000001
SO,2004,2247.2,2.5999999999999996
SO,2005,2346.9,8.5
SO,2006,2271.05,16.650000000000006
SO,2007,2014.6999999999998,1.4499999999999993
SO,2008,2201.4,4.4
SO,2009,2138.3,4.5
SO,2010,2442.95,12.999999999999998
SO,2011,1974.85,7.949999999999996
SO,2012,2227.2,7.0500000000000025
SO,2013,2235.65,18.4
SO,2014,1917.4499999999998,2.900000000000002
SO,2015,2068.8,63.650000000000006
SO,2016,2144.15,10.500000000000002
SO,2017,2160.8999999999996,21.05
SO,2018,1829.75,34.75
SO,2019,2110.95,26.8
SO,2020,1951.45,14.25
SO,2021,2200.8,6.299999999999999
SO,2022,1895.3,26.700000000000003
SO,2023,1869.75,29.300000000000004
SO,2024,1925.5,16.500000000000007
SZ,1931,1730.0,0.0
SZ,1932,1703.7,0.0
SZ,1933,1533.6,1.4000000000000021
SZ,1934,1597.8,0.0
SZ,1935,1705.8,0.0
SZ,1936,1691.0,0.0
SZ,1937,1471.4,0.1999999999999993
SZ,1938,1602.5,0.0
SZ,1939,1557.3,0.0
SZ,1940,1634.6,0.0
SZ,1941,1823.9,0.0
SZ,1942,1587.3,0.0
SZ,1943,1591.8,0.6000000000000014
SZ,1944,1676.4,0.0
SZ,1945,1668.8,0.0
SZ,1946,1496.2,0.8000000000000007
SZ,1947,1464.9,5.299999999999997
SZ,1948,1422.4,0.0
SZ,1949,1607.3,0.8999999999999986
SZ,1950,1473.9,2.3000000000000007
SZ,1951,1569.4,0.0
SZ,1952,1592.3,9.600000000000001
SZ,1953,1628.7,0.0
SZ,1954,1750.6,0.0
SZ,1955,1618.9,0.0
SZ,1956,1873.3,0.0
SZ,1957,1498.3,8.100000000000001
SZ,1958,1563.6,2.1999999999999993
SZ,1959,1530.4,1.6000000000000014
SZ,1960,1577.2,0.0
SZ,1961,1379.0,0.0
SZ,1962,1643.0,0.0
SZ,1963,1704.6,0.0
SZ,1964,1627.8,0.0
SZ,1965,1773.6,0.0
SZ,1966,1455.3,0.0
SZ,1967,1743.9,0.0
SZ,1968,1724.3,0.0
SZ,1969,1917.0,0.0
SZ,1970,1771.2,0.0
SZ,1971,1925.3,0.0
SZ,1972,1663.3,0.0
SZ,1973,1789.5,0.0
SZ,1974,1787.9,0.0
SZ,1975,1727.1,0.0
SZ,1976,1674.9,0.0
SZ,1977,1595.3,0.0
SZ,1978,1838.6,0.0
SZ,1979,1648.7,0.0
SZ,1980,1916.5,0.0
SZ,1981,1560.6,0.0
SZ,1982,1516.3,0.0
SZ,1983,1650.6,0.0
SZ,1984,1776.4,1.1999999999999993
SZ,1985,1738.2,0.0
SZ,1986,1780.9,0.1999999999999993
SZ,1987,1813.0,0.0
SZ,1988,1604.2,0.0
SZ,1989,1696.8,0.0
SZ,1990,1763.4,0.0
SZ,1991,1660.4,0.0
SZ,1992,1612.4,0.0
SZ,1993,1665.1,0.0
SZ,1994,1446.8,1.0
SZ,1995,1630.4,0.0
SZ,1996,1774.3,0.0
SZ,1997,1508.9,0.0
SZ,1998,1574.4,2.200000000000003
SZ,1999,1534.2,0.0
SZ,2000,1463.4,0.0
SZ,2001,1540.3,0.0
SZ,2002,1642.9,0.0
SZ,2003,1581.3,2.6999999999999993
SZ,2004,1629.7,0.0
SZ,2005,1727.1,0.0
SZ,2006,1749.1,0.0
SZ,2007,1486.1,0.0
SZ,2008,1554.4,0.0
SZ,2009,1618.6,0.0
SZ,2010,1750.5,1.3000000000000007
SZ,2011,1383.5,0.0
SZ,2012,1693.3,0.0
SZ,2013,996.0999999999999,0.05000000000000071
SZ,2014,1333.6999999999998,0.6999999999999993
SZ,2015,906.65,20.525
SZ,2016,1294.15,1.5500000000000007
SZ,2017,1370.225,8.3
SZ,2018,1093.95,14.850000000000001
SZ,2019,1379.325,4.874999999999998
SZ,2020,1223.35,3.925
SZ,2021,1410.65,0.27500000000000036
SZ,2022,1257.85,6.449999999999999
SZ,2023,1176.85,10.775000000000002
SZ,2024,1156.975,5.3500000000000005
TG,1959,1429.0,2.599999999999998
TG,1960,1481.4,0.0
TG,1961,1285.6,0.6000000000000014
TG,1962,1600.1,0.0
TG,1963,1612.1,0.3000000000000007
TG,1964,1550.3,0.0
TG,1965,1686.1,0.8999999999999986
TG,1966,1309.4,0.6999999999999993
TG,1967,1565.1,0.1999999999999993
TG,1968,1620.8,0.6999999999999993
TG,1969,1624.9,0.0
TG,1970,1577.2,1.5
TG,1971,1661.8,0.5
TG,1972,1480.65,0.5
TG,1973,1551.65,0.0
TG,1974,1524.6,0.40000000000000036
TG,1975,1505.8,0.0
TG,1976,1144.1666666666667,2.9666666666666686
TG,1977,1299.6000000000001,0.20000000000000048
TG,1978,1612.9333333333334,0.0
TG,1979,1417.1333333333332,0.0
TG,1980,1642.4333333333334,1.2000000000000004
TG,1981,1330.2,0.0
TG,1982,1310.0666666666666,0.23333333333333428
TG,1983,1409.1000000000001,0.16666666666666666
TG,1984,1557.2,3.766666666666667
TG,1985,1495.0333333333335,0.0
TG,1986,1558.6666666666667,1.3999999999999997
TG,1987,1572.8,0.2333333333333331
TG,1988,1321.0666666666666,0.0
TG,1989,1434.1000000000001,0.0
TG,1990,1461.6000000000001,1.3999999999999997
TG,1991,1384.3999999999999,4.8
TG,1992,1335.6000000000001,11.066666666666668
TG,1993,1416.2666666666667,0.0
TG,1994,1242.8999999999999,11.633333333333331
TG,1995,1390.3,2.599999999999999
TG,1996,1546.0666666666668,1.0333333333333339
TG,1997,1295.3333333333333,0.13333333333333286
TG,1998,1328.5,6.633333333333334
TG,1999,1258.6000000000001,2.2666666666666657
TG,2000,1182.6666666666667,0.06666666666666643
TG,2001,1277.5666666666666,2.6
TG,2002,1367.3333333333333,0.0
TG,2003,1369.0333333333335,30.900000000000002
TG,2004,1356.2333333333333,1.7333333333333354
TG,2005,1400.4333333333334,0.0
TG,2006,1452.2666666666667,4.366666666666666
TG,2007,1163.5333333333333,0.0
TG,2008,1236.4333333333334,1.4666666666666661
TG,2009,1300.3666666666666,0.20000000000000048
TG,2010,1284.675,11.399999999999999
TG,2011,1151.675,0.09999999999999964
TG,2012,1410.35,0.07500000000000018
TG,2013,1342.4,4.699999999999999
TG,2014,1136.925,6.775
TG,2015,1232.55,39.62499999999999
TG,2016,1241.15,1.674999999999999
TG,2017,1301.825,11.100000000000001
TG,2018,1038.675,17.7
TG,2019,1311.15,5.575000000000001
TG,2020,1177.3,7.175000000000001
TG,2021,1354.625,0.17499999999999982
TG,2022,1222.7,7.299999999999999
TG,2023,1122.075,7.95
TG,2024,1110.475,5.375000000000003
TI,1864,1175.8,17.2
TI,1865,990.1,12.399999999999999
TI,1866,986.0,3.6999999999999957
TI,1867,1021.0,3.9999999999999964
TI,1868,963.2,13.5
TI,1869,1036.8,26.399999999999995
TI,1870,1140.8,26.699999999999996
TI,1871,1120.1,3.599999999999998
TI,1872,975.1,1.4000000000000021
TI,1873,980.2,40.7
TI,1874,1104.4,61.0
TI,1875,1085.0,9.3
TI,1876,1026.3,19.200000000000006
TI,1877,1015.6,12.699999999999996
TI,1878,988.7,1.0999999999999979
TI,1879,1107.0,26.5
TI,1880,1003.0,3.8000000000000007
TI,1881,1047.7,63.9
TI,1882,981.0,11.299999999999997
TI,1883,1091.1,20.499999999999996
TI,1884,993.7,27.400000000000002
TI,1885,1031.3,27.900000000000006
TI,1886,1017.1,9.0
TI,1887,1041.7,35.7
TI,1888,1100.3,9.8
TI,1889,1068.0,23.1
TI,1890,1057.8,12.599999999999998
TI,1891,1077.1,10.8
TI,1892,1033.0,24.1
TI,1893,937.4,14.600000000000001
TI,1894,1026.9,14.700000000000003
TI,1895,1089.9,14.599999999999998
TI,1896,1131.0,7.199999999999999
TI,1897,1088.9,12.2
TI,1898,968.0,6.4999999999999964
TI,1899,932.8,5.699999999999999
TI,1900,956.1,4.300000000000001
TI,1901,1153.2,14.0
TI,1902,1074.8,19.400000000000002
TI,1903,1047.6,20.000000000000004
TI,1904,990.1,34.599999999999994
TI,1905,1134.5,26.0
TI,1906,990.9,15.999999999999996
TI,1907,1056.5,15.999999999999996
TI,1908,1069.2,7.199999999999999
TI,1909,1139.5,4.899999999999995
TI,1910,1071.5,0.0
TI,1911,1089.6,24.60000000000001
TI,1912,1077.7,1.0
TI,1913,1019.8000000000001,5.0
TI,1914,986.9,7.4999999999999964
TI,1915,1088.8,12.499999999999996
TI,1916,1034.8,11.100000000000001
TI,1917,1141.8,0.1999999999999993
TI,1918,1093.5,2.1999999999999993
TI,1919,1033.2,24.700000000000003
TI,1920,983.4,4.099999999999998
TI,1921,942.7,24.8
TI,1922,1087.2,11.0
TI,1923,947.1,39.2
TI,1924,1039.9,14.899999999999999
TI,1925,1076.7,13.3
TI,1926,931.1,3.8999999999999986
TI,1927,916.6,21.5
TI,1928,971.4,61.599999999999994
TI,1929,1113.8,13.399999999999995
TI,1930,1030.3,13.2
TI,1931,1113.2,12.499999999999996
TI,1932,1112.9,6.400000000000002
TI,1933,989.0,23.1
TI,1934,1052.5,17.5
TI,1935,751.5,16.75
TI,1936,1056.35,1.9999999999999982
TI,1937,985.75,15.100000000000003
TI,1938,989.65,10.4
TI,1939,1013.5,4.999999999999998
TI,1940,1056.5,3.9499999999999993
TI,1941,1115.3000000000002,9.65
TI,1942,957.6500000000001,11.699999999999998
TI,1943,920.75,19.35
TI,1944,1041.3,2.8500000000000014
TI,1945,977.05,12.399999999999997
TI,1946,965.9,33.099999999999994
TI,1947,1049.35,27.05
TI,1948,824.15,4.3000000000000025
TI,1949,1021.6,36.949999999999996
TI,1950,925.3499999999999,32.150000000000006
TI,1951,1043.0,6.100000000000003
TI,1952,1046.7,46.9
TI,1953,733.1666666666666,6.700000000000002
TI,1954,1066.6666666666667,3.4333333333333322
TI,1955,951.6,1.0
TI,1956,1105.6666666666667,12.200000000000003
TI,1957,1025.3,33.46666666666667
TI,1958,1027.6000000000001,15.366666666666665
TI,1959,1055.15,13.149999999999999
TI,1960,1114.4750000000001,0.0
TI,1961,937.125,11.724999999999998
TI,1962,1091.825,8.625
TI,1963,1192.325,2.7250000000000005
TI,1964,1054.65,6.824999999999999
TI,1965,1120.15,5.999999999999999
TI,1966,1013.775,1.5
TI,1967,1116.625,7.450000000000002
TI,1968,1110.075,15.600000000000001
TI,1969,1150.8,4.924999999999999
TI,1970,1180.2,13.075000000000003
TI,1971,1113.825,22.275
TI,1972,1080.425,7.274999999999999
TI,1973,1069.75,15.55
TI,1974,1104.125,18.2
TI,1975,1095.65,17.0
TI,1976,1010.85,13.174999999999997
TI,1977,1017.5333333333334,3.666666666666668
TI,1978,1096.7666666666667,1.8666666666666671
TI,1979,1097.2,1.2000000000000002
TI,1980,1255.825,13.025000000000002
TI,1981,823.2666666666668,6.016666666666666
TI,1982,1734.6166666666668,12.350000000000001
TI,1983,1711.05,3.4666666666666663
TI,1984,1914.4166666666667,7.666666666666667
TI,1985,1816.3833333333332,3.2999999999999994
TI,1986,1835.6666666666667,10.733333333333334
TI,1987,1819.3166666666666,6.75
TI,1988,1649.042857142857,3.957142857142856
TI,1989,1628.542857142857,0.3714285714285711
TI,1990,1621.6142857142856,7.128571428571429
TI,1991,1745.175,26.7125
TI,1992,1462.3111111111111,12.355555555555556
TI,1993,1749.211111111111,5.044444444444443
TI,1994,1612.05,18.71
TI,1995,2016.02,7.0
TI,1996,2108.66,6.8199999999999985
TI,1997,1871.52,4.100000000000001
TI,1998,1983.08,7.419999999999999
TI,1999,1874.85,5.0200000000000005
TI,2000,1932.39,2.6900000000000004
TI,2001,1992.92,5.610000000000001
TI,2002,2010.7,0.8300000000000004
TI,2003,1937.92,40.79
TI,2004,1996.6799999999998,5.889999999999999
TI,2005,2108.62,4.51
TI,2006,1945.2,13.320000000000002
TI,2007,1743.9900000000002,1.5800000000000005
TI,2008,1894.9099999999999,5.4799999999999995
TI,2009,1861.89,4.460000000000001
TI,2010,2074.5800000000004,16.31
TI,2011,1749.39,4.419999999999999
TI,2012,1895.0700000000002,8.290000000000001
TI,2013,1771.9818181818182,13.236363636363636
TI,2014,1739.4,4.381818181818182
TI,2015,1676.7,32.78181818181818
TI,2016,1828.0363636363634,11.2
TI,2017,1691.7916666666667,17.408333333333335
TI,2018,1674.8916666666667,23.308333333333334
TI,2019,1732.7416666666668,15.908333333333331
TI,2020,1681.3500000000001,16.358333333333334
TI,2021,1846.325,2.708333333333334
TI,2022,1638.7166666666665,27.166666666666668
TI,2023,1578.5166666666667,10.158333333333333
TI,2024,1585.7333333333333,22.224999999999998
UR,1864,1943.85,0.0
UR,1865,1673.65,1.3499999999999996
UR,1866,1526.2,1.5999999999999996
UR,1867,1743.6999999999998,1.950000000000001
UR,1868,1697.75,2.5999999999999996
UR,1869,1312.95,2.5500000000000025
UR,1870,1251.35,8.800000000000002
UR,1871,1117.25,2.9499999999999993
UR,1872,1623.5,0.4499999999999993
UR,1873,1408.95,1.5999999999999996
UR,1874,1751.75,3.5500000000000007
UR,1875,1584.25,1.75
UR,1876,1688.8000000000002,0.0
UR,1877,1605.1,3.1500000000000004
UR,1878,1829.0,0.0
UR,1879,1869.35,3.0
UR,1880,1698.3,0.75
UR,1881,1727.5,5.600000000000001
UR,1882,1504.05,0.0
UR,1883,1786.55,2.0
UR,1884,1608.85,0.9000000000000004
UR,1885,1727.75,1.25
UR,1886,1711.8,0.25
UR,1887,1693.85,0.8999999999999986
UR,1888,1893.85,1.0999999999999996
UR,1889,1712.3,1.5999999999999996
UR,1890,1852.0500000000002,0.0
UR,1891,1792.35,1.700000000000001
UR,1892,1800.45,0.0
UR,1893,1692.6,1.9499999999999993
UR,1894,1668.8500000000001,0.0
UR,1895,1679.9499999999998,1.9499999999999993
UR,1896,1770.8,0.0
UR,1897,1659.55,3.8000000000000007
UR,1898,1595.25,0.0
UR,1899,1472.55,0.0
UR,1900,1590.1000000000001,1.5999999999999996
UR,1901,1715.25,1.4000000000000004
UR,1902,1696.6999999999998,1.1499999999999986
UR,1903,1612.85,0.40000000000000036
UR,1904,1558.1999999999998,0.25
UR,1905,1786.25,5.050000000000001
UR,1906,1659.6000000000001,0.10000000000000142
UR,1907,1705.6499999999999,0.1999999999999993
UR,1908,1842.25,3.299999999999999
UR,1909,1922.3500000000001,1.7500000000000018
UR,1910,1820.85,0.0
UR,1911,1781.05,0.6500000000000004
UR,1912,1741.6999999999998,0.8499999999999996
UR,1913,1703.15,0.5999999999999996
UR,1914,1685.0500000000002,0.0
UR,1915,1630.6999999999998,0.4499999999999993
UR,1916,1590.85,0.0
UR,1917,1825.9,0.0
UR,1918,1762.8500000000001,0.0
UR,1919,1772.4,0.15000000000000036
UR,1920,1618.35,0.0
UR,1921,1579.45,5.9
UR,1922,1822.35,1.75
UR,1923,1600.45,1.950000000000001
UR,1924,1747.0,2.3499999999999996
UR,1925,1725.6000000000001,0.0
UR,1926,1561.95,0.0
UR,1927,1591.75,2.200000000000001
UR,1928,1589.65,2.0999999999999996
UR,1929,1792.35,1.8500000000000014
UR,1930,1549.4499999999998,0.3000000000000007
UR,1931,1762.65,1.4499999999999993
UR,1932,1719.15,0.45000000000000107
UR,1933,1577.5,1.3000000000000007
UR,1934,1657.65,0.09999999999999964
UR,1935,1749.75,0.7000000000000011
UR,1936,1711.55,0.0
UR,1937,1569.4499999999998,3.6000000000000014
UR,1938,1727.3000000000002,0.5999999999999996
UR,1939,1598.5,0.0
UR,1940,1751.1499999999999,0.0
UR,1941,1863.1,3.6499999999999986
UR,1942,1698.3,0.25
UR,1943,1661.85,3.049999999999999
UR,1944,1813.4499999999998,0.1999999999999993
UR,1945,1815.25,0.4499999999999993
UR,1946,1595.3000000000002,2.8500000000000014
UR,1947,1607.85,7.900000000000002
UR,1948,1548.75,0.25
UR,1949,1719.45,2.450000000000001
UR,1950,1612.65,2.3500000000000014
UR,1951,1630.15,0.0
UR,1952,1686.3500000000001,8.600000000000001
UR,1953,1733.8999999999999,0.0
UR,1954,2145.4,0.0
UR,1955,2002.2,0.0
UR,1956,2296.066666666667,0.16666666666666666
UR,1957,1881.1666666666667,3.266666666666667
UR,1958,1999.8,1.6333333333333329
UR,1959,1953.9666666666665,1.866666666666666
UR,1960,1954.0749999999998,0.17499999999999982
UR,1961,1801.2,0.375
UR,1962,1962.5,0.25
UR,1963,1979.675,1.2749999999999995
UR,1964,1965.9250000000002,0.9749999999999996
UR,1965,2126.8,1.0499999999999998
UR,1966,1785.375,1.5749999999999993
UR,1967,2061.975,1.0750000000000002
UR,1968,1997.575,1.8249999999999993
UR,1969,2058.425,0.0
UR,1970,2014.075,0.7749999999999995
UR,1971,2023.8000000000002,1.4500000000000002
UR,1972,1866.9,0.27500000000000036
UR,1973,1970.775,0.27499999999999947
UR,1974,2010.4499999999998,0.17499999999999982
UR,1975,1987.775,0.0
UR,1976,1905.775,0.0
UR,1977,1844.1,0.04999999999999982
UR,1978,2018.2,0.0
UR,1979,1919.325,0.0
UR,1980,2171.375,0.2999999999999998
UR,1981,1853.7,0.27500000000000036
UR,1982,1780.725,0.9500000000000002
UR,1983,1890.925,1.2000000000000002
UR,1984,2086.266666666667,3.7666666666666657
UR,1985,2024.2,0.0
UR,1986,2031.0666666666668,2.0000000000000013
UR,1987,2061.633333333333,0.0
UR,1988,1908.2333333333333,0.0
UR,1989,1959.8666666666668,0.29999999999999954
UR,1990,2007.1000000000001,0.8999999999999986
UR,1991,1924.0666666666666,2.6666666666666665
UR,1992,1889.4000000000003,4.0666666666666655
UR,1993,1902.9666666666665,0.2333333333333331
UR,1994,1760.0333333333335,6.7
UR,1995,1944.3,1.499999999999999
UR,1996,1980.9333333333334,0.5333333333333338
UR,1997,1756.7333333333333,0.43333333333333474
UR,1998,1866.3333333333333,6.800000000000002
UR,1999,1840.1666666666667,3.2999999999999994
UR,2000,1772.4666666666665,3.099999999999999
UR,2001,1821.0666666666668,3.8333333333333335
UR,2002,1877.9666666666665,0.0
UR,2003,1837.2666666666667,17.566666666666666
UR,2004,1845.8999999999999,0.6333333333333329
UR,2005,2013.9666666666665,0.7666666666666669
UR,2006,1987.0,1.8666666666666671
UR,2007,1774.2333333333333,0.0
UR,2008,1804.8666666666668,0.4666666666666674
UR,2009,1866.6333333333332,0.0
UR,2010,2000.7666666666667,3.366666666666667
UR,2011,1646.7666666666664,0.2333333333333331
UR,2012,1887.7,0.0
UR,2013,1882.2333333333333,0.7999999999999995
UR,2014,1704.8333333333333,2.1
UR,2015,1734.5333333333335,12.166666666666666
UR,2016,1669.375,0.22499999999999964
UR,2017,1799.35,3.924999999999999
UR,2018,1509.6,4.500000000000001
UR,2019,1796.825,1.9500000000000002
UR,2020,1659.9,0.15000000000000036
UR,2021,1862.575,0.0
UR,2022,1696.875,2.075
UR,2023,1605.475,3.325
UR,2024,1575.95,2.000000000000001
VD,1879,1968.5,1.0
VD,1880,1794.4,0.0
VD,1881,1803.5,0.0
VD,1882,1753.7,0.0
VD,1883,1895.8,0.0
VD,1884,1626.5,0.0
VD,1885,1793.9,0.0
VD,1886,1760.9,0.0
VD,1887,1161.5,0.0
VD,1905,1794.0,0.3000000000000007
VD,1906,1650.5,0.0
VD,1907,1756.7,0.0
VD,1909,640.3,0.0
VD,1910,1798.3,0.0
VD,1911,1403.6,0.0
VD,1912,1814.2,0.0
VD,1913,1682.2,0.0
VD,1914,1683.2,0.0
VD,1915,1636.0,0.0
VD,1916,1658.9,0.0
VD,1917,1848.1,0.0
VD,1918,1731.4,0.0
VD,1919,1757.7,0.0
VD,1920,1638.7,0.0
VD,1921,1544.0,0.0
VD,1922,1835.4,0.0
VD,1923,1555.9,0.0
VD,1924,1551.7,0.0
VD,1925,1619.7,0.0
VD,1926,1557.7,0.0
VD,1927,1586.3,0.0
VD,1928,1553.7,0.8000000000000007
VD,1929,1763.5,0.0
VD,1930,1591.7,0.0
VD,1931,1722.3,0.0
VD,1932,1761.8,0.0
VD,1933,1567.3,0.0
VD,1934,1665.5,0.0
VD,1935,1755.1,0.0
VD,1936,1728.1,0.0
VD,1937,1555.4,0.0
VD,1938,1703.2,0.0
VD,1939,1638.9,0.0
VD,1940,1723.6,0.0
VD,1941,1863.0,0.0
VD,1942,1715.8,0.0
VD,1943,1681.6,0.0
VD,1944,1818.2,0.0
VD,1945,1803.9,0.0
VD,1946,1634.4,0.0
VD,1947,1560.6,0.3000000000000007
VD,1948,1548.3,0.0
VD,1949,1701.9,0.5
VD,1950,1573.8,0.0
VD,1951,1685.6,0.0
VD,1952,1701.2,1.3000000000000007
VD,1953,1774.4,0.0
VD,1954,1863.2,0.0
VD,1955,1712.6,0.0
VD,1956,2003.0,0.0
VD,1957,1606.5,1.5
VD,1958,1665.2,0.0
VD,1959,1637.1,0.0
VD,1960,1697.3,0.0
VD,1961,1502.2,0.0
VD,1962,1724.1,0.0
VD,1963,1768.7,0.0
VD,1964,1123.45,0.4499999999999993
VD,1965,1570.9666666666665,0.2333333333333331
VD,1966,1262.3666666666666,1.599999999999999
VD,1967,1521.8666666666668,0.20000000000000048
VD,1968,1479.7666666666667,3.5666666666666678
VD,1969,1565.5666666666666,1.3999999999999997
VD,1970,1487.3,1.7666666666666668
VD,1971,1558.4333333333334,3.533333333333335
VD,1972,1419.3999999999999,1.9666666666666661
VD,1973,1641.75,0.9249999999999989
VD,1974,1676.25,0.9750000000000005
VD,1975,1640.1999999999998,1.8749999999999982
VD,1976,1559.175,3.1750000000000007
VD,1977,1528.625,0.0
VD,1978,1665.0,0.0
VD,1979,1506.2166666666665,0.5000000000000006
VD,1980,1772.1666666666667,0.8833333333333341
VD,1981,1411.0285714285715,0.7285714285714283
VD,1982,1346.5714285714287,4.0
VD,1983,1477.6000000000001,2.5571428571428574
VD,1984,1626.742857142857,2.057142857142857
VD,1985,1545.5142857142857,0.0
VD,1986,1575.0142857142857,2.6857142857142864
VD,1987,1567.9285714285713,0.9999999999999994
VD,1988,1423.7,1.3571428571428572
VD,1989,1486.042857142857,0.14285714285714285
VD,1990,1511.7714285714285,3.728571428571428
VD,1991,1462.7,4.528571428571429
VD,1992,1161.3777777777777,6.066666666666666
VD,1993,2083.644444444444,0.8333333333333341
VD,1994,1853.0555555555557,13.288888888888888
VD,1995,2083.0222222222224,3.4777777777777774
VD,1996,2225.266666666667,0.6777777777777776
VD,1997,1947.6666666666667,0.7444444444444456
VD,1998,1899.9666666666667,7.766666666666666
VD,1999,1687.2333333333333,1.9000000000000001
VD,2000,1439.2222222222222,1.4222222222222227
VD,2001,1632.6444444444444,3.222222222222223
VD,2002,1931.8666666666666,0.0777777777777777
VD,2003,2000.3555555555556,32.144444444444446
VD,2004,2039.1666666666667,2.6999999999999997
VD,2005,2088.8999999999996,0.13333333333333325
VD,2006,2028.622222222222,3.433333333333333
VD,2007,1889.9777777777776,0.14444444444444451
VD,2008,1987.4444444444443,1.966666666666667
VD,2009,2060.1222222222223,0.8777777777777784
VD,2010,2170.4700000000003,8.15
VD,2011,1735.64,0.3200000000000003
VD,2012,1889.409090909091,0.23636363636363616
VD,2013,1834.190909090909,5.163636363636363
VD,2014,1516.776923076923,1.2538461538461536
VD,2015,1528.2533333333333,25.733333333333334
VD,2016,1715.8600000000001,2.626666666666667
VD,2017,1723.8733333333332,11.786666666666667
VD,2018,1556.6266666666668,13.466666666666669
VD,2019,1800.0133333333333,4.86
VD,2020,1660.9199999999998,5.766666666666667
VD,2021,1862.88,0.34666666666666685
VD,2022,1626.3666666666666,12.52
VD,2023,1616.8733333333334,10.313333333333334
VD,2024,1612.9199999999998,8.013333333333334
VS,1864,2506.8,0.0
VS,1865,2389.7,0.0
VS,1866,2267.85,0.0
VS,1867,2441.5,0.0
VS,1868,2290.85,0.0
VS,1869,2187.55,0.0
VS,1870,2511.25,0.0
VS,1871,2572.6,0.0
VS,1872,2341.9,0.0
VS,1873,2332.55,0.0
VS,1874,2360.5,0.0
VS,1875,2409.8,0.0
VS,1876,2410.2,0.0
VS,1877,2382.75,0.0
VS,1878,2492.3,0.0
VS,1879,2527.15,0.0
VS,1880,2267.75,0.0
VS,1881,2345.8,0.0
VS,1882,2317.4,0.0
VS,1883,2548.7,0.0
VS,1884,2285.75,0.25
VS,1885,2455.45,0.0
VS,1886,2486.8500000000004,0.0
VS,1887,2867.7,0.0
VS,1888,2966.8,0.0
VS,1889,2918.2,0.0
VS,1890,2994.7,0.0
VS,1891,2467.05,0.0
VS,1892,2538.3999999999996,0.0
VS,1893,2349.9,0.0
VS,1894,2313.6,0.0
VS,1895,2468.3,0.0
VS,1896,2421.5,0.0
VS,1897,2401.6000000000004,0.0
VS,1898,2271.65,0.0
VS,1899,2137.4,0.0
VS,1900,2431.5,0.0
VS,1901,2456.65,0.0
VS,1902,2375.25,0.0
VS,1903,2326.15,0.0
VS,1904,2297.05,0.0
VS,1905,2347.25,0.15000000000000036
VS,1906,2327.05,0.0
VS,1907,2399.8,0.0
VS,1908,2397.45,0.0
VS,1909,2606.0,0.0
VS,1910,2580.6499999999996,0.0
VS,1911,2288.6000000000004,0.0
VS,1912,2486.2,0.0
VS,1913,2328.0,0.0
VS,1914,2292.95,0.0
VS,1915,2364.65,0.0
VS,1916,2349.2,0.0
VS,1917,2535.0,0.0
VS,1918,2179.9,0.0
VS,1919,2430.8,0.0
VS,1920,2269.2,0.0
VS,1921,2141.8,0.0
VS,1922,2432.6,0.0
VS,1923,2195.1,0.0
VS,1924,2318.35,0.0
VS,1925,1781.85,0.0
VS,1926,1806.4,0.0
VS,1927,1761.4,0.0
VS,1928,1732.8,0.0
VS,1929,1921.6,0.0
VS,1930,1849.3,0.0
VS,1931,1908.65,0.0
VS,1932,1759.8,0.0
VS,1933,2254.2000000000003,0.0
VS,1934,2435.125,0.0
VS,1935,2674.95,0.0
VS,1936,2676.8999999999996,0.0
VS,1937,2455.225,0.0
VS,1938,2537.65,0.0
VS,1939,2418.725,0.0
VS,1940,2586.2,0.0
VS,1941,2686.425,0.0
VS,1942,2448.55,0.0
VS,1943,2518.2,0.125
VS,1944,2724.175,0.0
VS,1945,2645.875,0.0
VS,1946,2438.5,0.20000000000000018
VS,1947,2413.95,3.8
VS,1948,2332.5,0.0
VS,1949,2499.975,0.0
VS,1950,2366.2999999999997,0.0
VS,1951,2581.35,0.0
VS,1952,2588.475,1.375
VS,1953,2597.375,0.0
VS,1954,2693.35,0.0
VS,1955,2552.425,0.0
VS,1956,2795.375,0.0
VS,1957,2393.0,1.6499999999999995
VS,1958,2284.32,0.4199999999999996
VS,1959,2234.7833333333333,1.3499999999999996
VS,1960,2311.2833333333333,0.0
VS,1961,2129.0833333333335,0.39999999999999974
VS,1962,2269.25,0.26666666666666633
VS,1963,2326.883333333333,0.0
VS,1964,2233.65,0.25
VS,1965,2445.6,0.16666666666666666
VS,1966,2147.9666666666667,0.5833333333333334
VS,1967,2359.4500000000003,0.39999999999999974
VS,1968,2304.516666666667,2.0500000000000007
VS,1969,2375.9500000000003,0.016666666666666902
VS,1970,2354.8333333333335,0.5833333333333334
VS,1971,2096.4,1.4142857142857146
VS,1972,2166.0333333333333,0.8500000000000002
VS,1973,2172.4,0.7833333333333338
VS,1974,2298.7833333333333,0.41666666666666724
VS,1975,2202.7000000000003,1.1833333333333336
VS,1976,2155.0833333333335,0.7333333333333331
VS,1977,2123.1666666666665,0.0
VS,1978,2252.4666666666667,0.0
VS,1979,1908.042857142857,0.02857142857142847
VS,1980,2618.585714285714,0.6428571428571429
VS,1981,2030.1999999999998,0.06666666666666682
VS,1982,2180.7444444444445,0.9888888888888884
VS,1983,2299.366666666667,2.833333333333333
VS,1984,2446.5444444444447,1.3888888888888888
VS,1985,2369.733333333333,0.31111111111111117
VS,1986,2261.93,1.1300000000000008
VS,1987,2625.82,0.68
VS,1988,2531.42,0.5200000000000002
VS,1989,2496.9900000000002,0.25
VS,1990,2523.04,1.2599999999999998
VS,1991,2562.8900000000003,2.1699999999999995
VS,1992,2481.6,2.8200000000000003
VS,1993,2290.9785714285713,0.3714285714285714
VS,1994,3025.9285714285716,5.578571428571429
VS,1995,3292.128571428572,3.221428571428572
VS,1996,3377.9785714285713,0.9285714285714288
VS,1997,3192.6153846153848,1.0692307692307694
VS,1998,3321.3846153846152,6.792307692307692
VS,1999,3343.5692307692307,1.3846153846153844
VS,2000,3150.423076923077,3.0923076923076924
VS,2001,3000.0071428571428,3.0142857142857147
VS,2002,3225.6142857142854,3.607142857142857
VS,2003,3129.378571428572,18.014285714285712
VS,2004,3252.414285714286,3.0785714285714283
VS,2005,3421.5499999999997,4.771428571428572
VS,2006,3182.128571428572,6.1000000000000005
VS,2007,3021.835714285714,1.3142857142857145
VS,2008,3225.692857142857,2.6499999999999995
VS,2009,3211.078571428571,4.2285714285714295
VS,2010,3413.8214285714284,5.821428571428571
VS,2011,2770.0285714285715,3.8214285714285716
VS,2012,2915.213333333333,4.966666666666667
VS,2013,3208.08,6.84
VS,2014,2898.1125,2.8125
VS,2015,2561.75,18.711111111111112
VS,2016,2782.0,4.594736842105264
VS,2017,2752.245,10.790000000000003
VS,2018,2553.065,9.89
VS,2019,2755.31,9.77
VS,2020,2605.675,4.590000000000001
VS,2021,2874.535,2.1099999999999994
VS,2022,2564.66,14.615
VS,2023,2570.9049999999997,14.065000000000001
VS,2024,2457.4900000000002,7.7
ZG,1993,466.3,0.3000000000000007
ZG,1994,1138.4,22.700000000000003
ZG,1995,1276.5,1.3999999999999986
ZG,1996,1281.5,10.200000000000003
ZG,1997,1047.3,4.0
ZG,1998,1200.9,16.8
ZG,1999,1144.6,7.400000000000002
ZG,2000,1035.1,2.200000000000003
ZG,2001,1170.7,6.899999999999999
ZG,2002,1256.8,0.0
ZG,2003,1267.1,49.39999999999999
ZG,2004,1243.2,6.199999999999999
ZG,2005,1274.5,0.0
ZG,2006,1323.4,9.500000000000004
ZG,2007,1060.9,0.0
ZG,2008,1182.1,1.1000000000000014
ZG,2009,1213.9,0.6999999999999993
ZG,2010,1351.2,15.0
ZG,2011,996.8,1.0
ZG,2012,1258.4,0.3999999999999986
ZG,2013,1242.8,10.5
ZG,2014,881.1,0.0
ZG,2015,1144.5,62.2
ZG,2016,1177.6,5.4999999999999964
ZG,2017,1213.2,18.199999999999996
ZG,2018,974.3,33.099999999999994
ZG,2019,1179.7,11.799999999999997
ZG,2020,1079.7,12.399999999999999
ZG,2021,1240.5,1.5
ZG,2022,1106.9,13.599999999999998
ZG,2023,1035.6,19.8
ZG,2024,1032.4,11.099999999999998
ZH,1864,1630.9,0.8999999999999986
ZH,1865,1285.1,6.0
ZH,1866,1149.4,1.6999999999999993
ZH,1867,1360.7,2.0
ZH,1868,1245.2,5.199999999999999
ZH,1869,1242.8,3.6999999999999993
ZH,1870,1525.7,21.700000000000003
ZH,1871,1538.6,0.5
ZH,1872,1236.6,0.0
ZH,1873,1324.4,12.400000000000002
ZH,1874,1458.7,25.500000000000004
ZH,1875,1402.0,5.199999999999999
ZH,1876,1390.1,1.7000000000000028
ZH,1877,1287.1,11.399999999999999
ZH,1878,1441.0,0.0
ZH,1879,1569.8,13.0
ZH,1880,1389.4,0.0
ZH,1881,1417.2,11.999999999999996
ZH,1882,1306.1000000000001,0.0
ZH,1883,1500.8,4.300000000000001
ZH,1884,1307.7,4.600000000000001
ZH,1885,1430.8,4.400000000000002
ZH,1886,1426.0,4.199999999999999
ZH,1887,1420.8,3.299999999999997
ZH,1888,1621.3,4.800000000000001
ZH,1889,1450.4,8.099999999999998
ZH,1890,1644.8,0.5
ZH,1891,1473.3,2.6000000000000014
ZH,1892,1408.9,0.5
ZH,1893,1404.8,0.8999999999999986
ZH,1894,1346.7,0.0
ZH,1895,1450.8,0.3000000000000007
ZH,1896,1470.3,0.0
ZH,1897,1441.1,3.0
ZH,1898,1269.8,1.8000000000000007
ZH,1899,1247.3,2.0000000000000036
ZH,1900,1361.9,1.0
ZH,1901,1439.9,4.300000000000001
ZH,1902,1445.0,5.600000000000001
ZH,1903,1290.8,1.1000000000000014
ZH,1904,1300.8,5.899999999999999
ZH,1905,1361.8,13.0
ZH,1906,1265.8,4.199999999999999
ZH,1907,1349.2,1.6000000000000014
ZH,1908,1469.6,3.5000000000000036
ZH,1909,1526.3,0.0
ZH,1910,1439.4,0.0
ZH,1911,1416.8,12.000000000000004
ZH,1912,1489.0,2.1999999999999993
ZH,1913,1339.0,0.0
ZH,1914,1340.4,0.0
ZH,1915,1263.5,0.0
ZH,1916,1240.0,0.0
ZH,1917,1457.5,0.0
ZH,1918,1374.5,0.0
ZH,1919,1401.4,0.8999999999999986
ZH,1920,1290.0,0.0
ZH,1921,1185.7,6.800000000000004
ZH,1922,1442.3,0.8000000000000007
ZH,1923,1240.6,7.399999999999999
ZH,1924,1413.7,0.0
ZH,1925,1321.8,1.9000000000000021
ZH,1926,1231.3,0.0
ZH,1927,1272.7,2.3000000000000007
ZH,1928,1229.9,4.800000000000001
ZH,1929,1464.8,0.0
ZH,1930,1223.8,4.399999999999999
ZH,1931,1398.2,3.6999999999999993
ZH,1932,1408.0,0.5
ZH,1933,1219.0,10.200000000000003
ZH,1934,1285.9,3.3000000000000007
ZH,1935,1378.9,1.1999999999999993
ZH,1936,1352.9,0.0
ZH,1937,1180.2,11.2
ZH,1938,1302.9,3.3000000000000007
ZH,1939,1247.4,0.0
ZH,1940,1373.0,0.0
ZH,1941,1502.7,6.0000000000000036
ZH,1942,1337.1,0.8999999999999986
ZH,1943,1280.9,7.0
ZH,1944,1332.7,1.5
ZH,1945,1347.8,2.099999999999998
ZH,1946,1227.3,13.799999999999997
ZH,1947,1240.2,23.4
ZH,1948,1171.1,1.8999999999999986
ZH,1949,1322.3,16.199999999999996
ZH,1950,1055.1,10.3
ZH,1951,1349.6,0.0
ZH,1952,1347.6,29.4
ZH,1953,1431.9499999999998,0.0
ZH,1954,1514.4,0.5500000000000007
ZH,1955,1395.5,0.0
ZH,1956,1591.65,1.049999999999999
ZH,1957,1305.9,21.0
ZH,1958,1328.35,4.900000000000002
ZH,1959,1303.8000000000002,5.6
ZH,1960,1313.85,0.0
ZH,1961,1126.15,2.1499999999999986
ZH,1962,1463.35,1.1999999999999993
ZH,1963,1495.05,0.5
ZH,1964,1419.25,0.5499999999999989
ZH,1965,1506.85,0.40000000000000213
ZH,1966,1182.6999999999998,0.5999999999999996
ZH,1967,1424.45,1.5999999999999996
ZH,1968,1452.0,5.250000000000002
ZH,1969,1476.1,0.0
ZH,1970,1417.35,2.5500000000000007
ZH,1971,1512.0,4.499999999999998
ZH,1972,1340.85,1.3000000000000007
ZH,1973,1431.15,1.0999999999999996
ZH,1974,1362.75,1.0500000000000007
ZH,1975,1362.9499999999998,1.25
ZH,1976,1293.3000000000002,8.05
ZH,1977,1202.9499999999998,0.15000000000000036
ZH,1978,1196.8999999999999,0.0
ZH,1979,1313.9333333333334,0.0
ZH,1980,1545.3333333333333,2.233333333333333
ZH,1981,1234.975,0.8250000000000002
ZH,1982,1203.35,2.75
ZH,1983,1314.0,1.4999999999999991
ZH,1984,1449.575,7.1499999999999995
ZH,1985,1367.625,0.10000000000000053
ZH,1986,1446.85,3.1500000000000004
ZH,1987,1456.425,0.22499999999999964
ZH,1988,1227.05,0.05000000000000071
ZH,1989,1209.6,0.17999999999999972
ZH,1990,1829.1200000000001,3.539999999999999
ZH,1991,1592.0833333333333,6.883333333333333
ZH,1992,1761.3333333333333,12.716666666666669
ZH,1993,1832.3500000000001,0.4666666666666662
ZH,1994,1625.8,16.666666666666668
ZH,1995,1801.2166666666665,3.4500000000000006
ZH,1996,1979.7,1.4666666666666657
ZH,1997,1682.5,0.5833333333333334
ZH,1998,1744.5666666666666,14.383333333333335
ZH,1999,1689.2666666666667,3.883333333333333
ZH,2000,1578.7166666666665,1.2666666666666664
ZH,2001,1708.45,4.366666666666666
ZH,2002,1715.6166666666668,1.5000000000000007
ZH,2003,1730.9333333333332,48.21666666666667
ZH,2004,1762.1000000000001,3.266666666666666
ZH,2005,1803.6666666666667,2.066666666666667
ZH,2006,1806.3999999999999,7.95
ZH,2007,1581.6000000000001,0.8666666666666671
ZH,2008,1673.75,1.366666666666666
ZH,2009,1705.7833333333335,1.2833333333333332
ZH,2010,1919.2666666666667,10.5
ZH,2011,1485.1166666666668,2.8499999999999996
ZH,2012,1820.2833333333335,1.6666666666666667
ZH,2013,1795.3166666666666,10.033333333333335
ZH,2014,1507.7333333333333,8.133333333333335
ZH,2015,1592.25,48.449999999999996
ZH,2016,1673.8166666666666,4.6
ZH,2017,1713.8999999999999,12.216666666666669
ZH,2018,1431.05,23.266666666666666
ZH,2019,1695.7,12.566666666666665
ZH,2020,1531.3166666666666,9.700000000000001
ZH,2021,1766.8999999999999,1.6666666666666667
ZH,2022,1338.4285714285713,11.957142857142857
ZH,2023,1448.642857142857,13.985714285714286
ZH,2024,1438.7,7.957142857142857
