station_abbr,year,HDD,CDD
ABO,2000,4167.5,0.0
ABO,2001,4385.6,0.0
ABO,2002,4092.1,0.0
ABO,2003,4097.2,0.0
ABO,2004,4437.0,0.0
ABO,2005,4669.5,0.0
ABO,2006,4174.7,0.0
ABO,2007,4201.7,0.0
ABO,2008,4361.8,0.0
ABO,2009,4306.1,0.0
ABO,2010,4719.2,0.0
ABO,2011,3926.5,0.0
ABO,2012,4292.3,0.0
ABO,2013,4495.4,0.0
ABO,2014,4009.9,0.0
ABO,2015,3967.0,1.0
ABO,2016,4119.3,0.0
ABO,2017,4132.6,0.0
ABO,2018,3850.4,0.0
ABO,2019,4009.4,0.5
ABO,2020,3810.1,0.0
ABO,2021,4221.4,0.0
ABO,2022,3607.2,0.0
ABO,2023,3718.6,0.0
ABO,2024,3676.7,0.0
AIG,2000,2696.2,0.0
AIG,2001,2803.7,0.0
AIG,2002,2654.8,2.299999999999997
AIG,2003,2895.7,12.899999999999999
AIG,2004,3018.1,0.0
AIG,2005,3263.6,1.6999999999999993
AIG,2006,2921.8,0.6999999999999993
AIG,2007,2834.6,0.0
AIG,2008,2922.0,0.0
AIG,2009,2765.2,0.8000000000000007
AIG,2010,3109.2,3.3000000000000007
AIG,2011,2729.6,0.10000000000000142
AIG,2012,2847.4,3.299999999999997
AIG,2013,3064.9,5.0
AIG,2014,2526.9,0.0
AIG,2015,2824.2,21.000000000000004
AIG,2016,2868.8,0.5
AIG,2017,3007.3,5.299999999999994
AIG,2018,2543.0,3.3000000000000043
AIG,2019,2772.1,9.800000000000004
AIG,2020,2640.7,4.0
AIG,2021,2952.3,0.0
AIG,2022,2527.1,12.899999999999995
AIG,2023,2574.2,26.50000000000001
AIG,2024,2566.2,0.5
ALT,2000,2770.9,10.100000000000001
ALT,2001,2966.2,5.300000000000001
ALT,2002,2733.7,4.300000000000001
ALT,2003,2900.0,37.099999999999994
ALT,2004,3033.6,0.8999999999999986
ALT,2005,3216.3,5.800000000000001
ALT,2006,2980.4,3.0
ALT,2007,2850.7,8.0
ALT,2008,2925.3,1.3000000000000007
ALT,2009,2884.1,3.900000000000002
ALT,2010,3204.1,2.3000000000000007
ALT,2011,2768.2,4.399999999999999
ALT,2012,3000.1,1.5
ALT,2013,3171.1,16.1
ALT,2014,2605.3,0.6000000000000014
ALT,2015,2949.5,13.500000000000004
ALT,2016,2887.8,0.0
ALT,2017,2953.4,7.800000000000001
ALT,2018,2536.6,1.9000000000000021
ALT,2019,2768.5,9.8
ALT,2020,2776.7,2.299999999999997
ALT,2021,3047.5,1.0
ALT,2022,2639.4,11.500000000000004
ALT,2023,2623.5,7.800000000000001
ALT,2024,2644.3,1.9000000000000021
AND,2008,1990.5,0.0
AND,2009,3870.0,0.0
AND,2010,4168.3,0.0
AND,2011,3703.6,0.0
AND,2012,4063.9,0.0
AND,2013,4068.8,0.0
AND,2014,3598.9,0.0
AND,2015,3784.6,0.0
AND,2016,3865.6,0.0
AND,2017,3886.9,0.0
AND,2018,3432.1,0.0
AND,2019,3703.8,0.0
AND,2020,3672.8,0.0
AND,2021,4131.2,0.0
AND,2022,3546.3,0.0
AND,2023,3545.8,0.0
AND,2024,3566.9,0.0
ANT,2000,4831.1,0.0
ANT,2001,4965.3,0.0
ANT,2002,4671.9,0.0
ANT,2003,4766.9,0.0
ANT,2004,5038.0,0.0
ANT,2005,5261.6,0.0
ANT,2006,4865.5,0.0
ANT,2007,4810.4,0.0
ANT,2008,4897.5,0.0
ANT,2009,4864.4,0.0
ANT,2010,5285.2,0.0
ANT,2011,4655.3,0.0
ANT,2012,5000.2,0.0
ANT,2013,5109.0,0.0
ANT,2014,4732.0,0.0
ANT,2015,4927.8,0.0
ANT,2016,5025.5,0.0
ANT,2017,5058.7,0.0
ANT,2018,4702.0,0.0
ANT,2019,4895.0,0.0
ANT,2020,4713.7,0.0
ANT,2021,5211.5,0.0
ANT,2022,4612.3,0.0
ANT,2023,4623.2,0.0
ANT,2024,4662.0,0.0
ARH,2000,2654.1,2.3000000000000007
ARH,2001,2896.0,1.5
ARH,2002,2907.7,2.400000000000002
ARH,2003,3177.6,7.600000000000005
ARH,2004,3193.8,0.0
ARH,2005,3291.0,1.1000000000000014
ARH,2006,3130.1,2.6000000000000014
ARH,2007,2902.3,3.8999999999999986
ARH,2008,3062.4,0.6999999999999993
ARH,2009,3011.6,0.0
ARH,2010,3305.5,7.900000000000002
ARH,2011,2842.9,0.8000000000000007
ARH,2012,2993.1,3.6000000000000014
ARH,2013,3152.7,9.700000000000003
ARH,2014,2679.1,1.6000000000000014
ARH,2015,2906.5,16.299999999999997
ARH,2016,2961.4,0.40000000000000213
ARH,2017,3030.7,8.5
ARH,2018,2661.5,6.0
ARH,2019,2849.1,12.399999999999999
ARH,2020,2777.4,3.299999999999997
ARH,2021,3055.0,3.299999999999997
ARH,2022,2644.0,9.200000000000003
ARH,2023,2591.2,11.000000000000004
ARH,2024,2653.9,2.099999999999998
ARO,2000,5028.5,0.0
ARO,2001,5235.1,0.0
ARO,2002,4994.4,0.0
ARO,2003,4890.5,0.0
ARO,2004,5353.2,0.0
ARO,2005,5482.9,0.0
ARO,2006,4962.3,0.0
ARO,2007,5050.9,0.0
ARO,2008,5198.5,0.0
ARO,2009,5203.1,0.0
ARO,2010,5656.9,0.0
ARO,2011,4754.9,0.0
ARO,2012,5205.2,0.0
ARO,2013,5267.3,0.0
ARO,2014,4893.0,0.0
ARO,2015,4785.2,0.0
ARO,2016,5115.2,0.0
ARO,2017,5127.5,0.0
ARO,2018,4853.3,0.0
ARO,2019,5008.4,0.0
ARO,2020,4842.3,0.0
ARO,2021,5318.0,0.0
ARO,2022,4671.0,0.0
ARO,2023,4789.1,0.0
ARO,2024,4652.9,0.0
ATT,2000,6688.4,0.0
ATT,2001,6894.7,0.0
ATT,2002,6787.6,0.0
ATT,2003,6598.9,0.0
ATT,2004,7014.7,0.0
ATT,2005,7109.6,0.0
ATT,2006,6883.2,0.0
ATT,2007,6778.0,0.0
ATT,2008,7059.1,0.0
ATT,2009,7017.8,0.0
ATT,2010,7315.7,0.0
ATT,2011,6389.5,0.0
ATT,2012,5083.3,0.0
ATT,2013,7144.4,0.0
ATT,2014,6827.8,0.0
ATT,2015,6505.7,0.0
ATT,2016,6847.1,0.0
ATT,2017,6326.8,0.0
ATT,2018,6577.3,0.0
ATT,2019,6478.3,0.0
ATT,2020,6351.0,0.0
ATT,2021,6878.4,0.0
ATT,2022,6183.4,0.0
ATT,2023,6335.5,0.0
ATT,2024,6363.3,0.0
BAS,2000,2457.5,2.6000000000000014
BAS,2001,2821.7,1.6999999999999993
BAS,2002,2622.7,7.0000000000000036
BAS,2003,2859.6,59.7
BAS,2004,2898.1,1.5999999999999979
BAS,2005,2968.4,9.399999999999999
BAS,2006,2864.4,21.899999999999995
BAS,2007,2603.9,4.0
BAS,2008,2812.5,2.799999999999997
BAS,2009,2724.2,5.099999999999998
BAS,2010,3150.9,12.299999999999997
BAS,2011,2500.5,12.7
BAS,2012,2809.5,12.099999999999994
BAS,2013,3031.9,23.1
BAS,2014,2378.9,8.799999999999997
BAS,2015,2623.5,51.2
BAS,2016,2831.5,12.600000000000001
BAS,2017,2733.7,24.100000000000005
BAS,2018,2467.2,30.099999999999998
BAS,2019,2621.7,35.10000000000001
BAS,2020,2437.1,22.400000000000002
BAS,2021,2851.4,5.700000000000003
BAS,2022,2364.2,30.100000000000005
BAS,2023,2332.3,24.499999999999996
BAS,2024,2431.5,16.9
BEH,2000,5940.0,0.0
BEH,2001,6200.9,0.0
BEH,2002,5822.8,0.0
BEH,2003,5845.1,0.0
BEH,2004,5158.0,0.0
BEH,2005,6036.5,0.0
BEH,2006,5754.4,0.0
BEH,2007,5742.5,0.0
BEH,2008,4485.8,0.0
BEH,2009,6179.5,0.0
BEH,2010,6297.1,0.0
BEH,2011,5693.2,0.0
BEH,2012,5979.4,0.0
BEH,2013,6442.0,0.0
BEH,2014,5651.2,0.0
BEH,2015,5729.7,0.0
BEH,2016,6044.4,0.0
BEH,2017,5982.2,0.0
BEH,2018,5868.9,0.0
BEH,2019,5940.0,0.0
BEH,2020,5853.3,0.0
BEH,2021,6214.1,0.0
BEH,2022,5582.6,0.0
BEH,2023,5673.1,0.0
BEH,2024,5640.6,0.0
BER,2000,2964.1,0.0
BER,2001,3140.3,0.0
BER,2002,3073.5,3.6999999999999993
BER,2003,3277.9,15.599999999999998
BER,2004,3335.1,0.0
BER,2005,3467.8,2.200000000000003
BER,2006,3318.3,3.5000000000000036
BER,2007,3176.9,0.0
BER,2008,3381.3,0.10000000000000142
BER,2009,3251.5,0.6999999999999993
BER,2010,3558.8,2.0
BER,2011,2990.3,1.4000000000000021
BER,2012,3322.0,1.1999999999999993
BER,2013,3534.7,5.4999999999999964
BER,2014,2964.8,0.0
BER,2015,3162.9,23.09999999999999
BER,2016,3294.7,1.7000000000000028
BER,2017,3244.9,6.600000000000001
BER,2018,2917.1,5.599999999999998
BER,2019,3103.6,17.299999999999994
BER,2020,2964.5,2.6999999999999993
BER,2021,3291.0,0.0
BER,2022,2798.1,9.399999999999999
BER,2023,2784.3,14.500000000000004
BER,2024,2905.3,1.1999999999999993
BEZ,2000,2796.2,0.6000000000000014
BEZ,2001,3019.6,0.10000000000000142
BEZ,2002,2784.8,4.800000000000004
BEZ,2003,3061.5,37.5
BEZ,2004,3035.6,0.0
BEZ,2005,3126.5,4.400000000000002
BEZ,2006,3002.6,12.300000000000008
BEZ,2007,2759.4,1.0
BEZ,2008,2981.2,1.0999999999999979
BEZ,2009,2931.9,0.1999999999999993
BEZ,2010,3275.4,4.399999999999999
BEZ,2011,2740.5,5.399999999999999
BEZ,2012,2986.6,1.7000000000000028
BEZ,2013,3172.9,9.0
BEZ,2014,2602.8,1.8000000000000007
BEZ,2015,2820.5,37.099999999999994
BEZ,2016,2937.1,2.900000000000002
BEZ,2017,2938.5,9.600000000000005
BEZ,2018,2621.5,22.900000000000002
BEZ,2019,2844.7,18.900000000000002
BEZ,2020,2678.5,4.0
BEZ,2021,3050.5,2.6999999999999993
BEZ,2022,2550.0,21.500000000000004
BEZ,2023,2527.5,14.8
BEZ,2024,2616.7,2.6000000000000014
BIA,2017,1147.1,0.0
BIA,2018,2341.0,16.699999999999996
BIA,2019,2213.5,28.000000000000004
BIA,2020,2319.3,12.3
BIA,2021,2496.8,8.40000000000001
BIA,2022,2225.7,53.7
BIA,2023,2108.8,25.700000000000006
BIA,2024,2287.5,37.3
BIE,2009,267.5,0.0
BIE,2010,3625.7,0.10000000000000142
BIE,2011,2967.6,0.0
BIE,2012,3283.4,0.1999999999999993
BIE,2013,3604.0,0.3999999999999986
BIE,2014,3004.9,0.0
BIE,2015,2687.2,17.300000000000004
BIE,2016,3295.2,0.0
BIE,2017,3241.5,6.100000000000001
BIE,2018,2889.4,3.3000000000000007
BIE,2019,3070.0,12.999999999999996
BIE,2020,2898.2,4.300000000000001
BIE,2021,3301.4,0.0
BIE,2022,2754.4,18.799999999999994
BIE,2023,2801.7,19.800000000000004
BIE,2024,2906.7,0.8999999999999986
BIN,2014,3981.3,0.0
BIN,2015,4190.0,0.0
BIN,2016,4261.8,0.0
BIN,2017,4369.4,0.0
BIN,2018,4153.2,0.0
BIN,2019,4241.6,0.0
BIN,2020,4062.3,0.0
BIN,2021,4494.6,0.0
BIN,2022,3870.9,0.0
BIN,2023,4093.6,0.0
BIN,2024,4100.5,0.0
BIV,2015,2716.3,0.0
BIV,2016,5406.7,0.0
BIV,2017,5272.8,0.0
BIV,2018,5122.1,0.0
BIV,2019,5277.7,0.0
BIV,2020,5115.5,0.0
BIV,2021,5479.3,0.0
BIV,2022,4991.3,0.0
BIV,2023,5016.0,0.0
BIV,2024,4980.6,0.0
BIZ,2010,2280.0,5.299999999999997
BIZ,2011,3180.4,0.0
BIZ,2012,3346.4,0.1999999999999993
BIZ,2013,3547.8,5.0
BIZ,2014,2989.0,1.5999999999999979
BIZ,2015,3193.7,15.199999999999996
BIZ,2016,2898.5,0.8999999999999986
BIZ,2017,3145.3,8.399999999999999
BIZ,2018,2830.5,6.4999999999999964
BIZ,2019,3065.0,13.899999999999999
BIZ,2020,2995.6,1.5
BIZ,2021,3432.1,0.0
BIZ,2022,2937.4,5.0
BIZ,2023,2875.7,2.8000000000000007
BIZ,2024,2977.3,0.1999999999999993
BLA,2001,3841.9,0.0
BLA,2002,5030.2,0.0
BLA,2003,5037.3,0.0
BLA,2004,5296.4,0.0
BLA,2005,5541.4,0.0
BLA,2006,5173.5,0.0
BLA,2007,5048.8,0.0
BLA,2008,5209.5,0.0
BLA,2009,5116.0,0.0
BLA,2010,5409.0,0.0
BLA,2011,4829.9,0.0
BLA,2012,5091.3,0.0
BLA,2013,5215.3,0.0
BLA,2014,4741.7,0.0
BLA,2015,4686.1,0.0
BLA,2016,4959.0,0.0
BLA,2017,4900.2,0.0
BLA,2018,4720.2,0.0
BLA,2019,4807.4,0.0
BLA,2020,4676.2,0.0
BLA,2021,5066.6,0.0
BLA,2022,4447.8,0.0
BLA,2023,4581.6,0.0
BLA,2024,4569.5,0.0
BOL,2012,484.4,0.0
BOL,2013,4012.0,0.0
BOL,2014,3472.1,0.0
BOL,2015,3568.1,3.0
BOL,2016,3757.0,0.0
BOL,2017,3801.9,0.0
BOL,2018,3376.2,0.0
BOL,2019,3585.6,0.40000000000000213
BOL,2020,3464.8,0.0
BOL,2021,3873.7,0.0
BOL,2022,3308.6,0.3999999999999986
BOL,2023,3314.6,0.0
BOL,2024,3372.8,0.0
BOU,2012,1013.5,0.6000000000000014
BOU,2013,2920.1,3.599999999999998
BOU,2014,2321.6,0.0
BOU,2015,2553.8,25.799999999999997
BOU,2016,2650.0,0.0
BOU,2017,2694.8,11.400000000000002
BOU,2018,2362.3,6.0000000000000036
BOU,2019,2522.7,12.199999999999996
BOU,2020,2363.9,5.199999999999999
BOU,2021,2689.8,0.0
BOU,2022,2279.2,20.199999999999992
BOU,2023,2317.2,22.9
BOU,2024,2376.3,3.799999999999997
BRL,2000,4200.7,0.0
BRL,2001,4437.9,0.0
BRL,2002,4298.8,0.0
BRL,2003,4569.3,0.0
BRL,2004,4749.7,0.0
BRL,2005,4862.4,0.0
BRL,2006,4577.3,0.0
BRL,2007,4419.0,0.0
BRL,2008,4494.7,0.0
BRL,2009,4710.4,0.0
BRL,2010,5008.3,0.0
BRL,2011,4397.5,0.0
BRL,2012,4100.7,0.0
BRL,2013,4854.3,0.0
BRL,2014,4233.5,0.0
BRL,2015,4477.5,0.0
BRL,2016,4586.1,0.0
BRL,2017,4668.3,0.0
BRL,2018,4110.4,0.0
BRL,2019,4413.5,0.0
BRL,2020,4204.1,0.0
BRL,2021,4678.0,0.0
BRL,2022,4034.6,0.0
BRL,2023,4015.0,0.0
BRL,2024,4050.1,0.0
BUF,2000,6165.3,0.0
BUF,2001,6241.0,0.0
BUF,2002,6030.5,0.0
BUF,2003,6203.3,0.0
BUF,2004,6342.3,0.0
BUF,2005,6522.3,0.0
BUF,2006,6187.2,0.0
BUF,2007,6012.1,0.0
BUF,2008,6085.3,0.0
BUF,2009,6192.8,0.0
BUF,2010,5697.4,0.0
BUF,2011,5975.2,0.0
BUF,2012,6167.4,0.0
BUF,2013,6261.7,0.0
BUF,2014,5856.3,0.0
BUF,2015,5848.7,0.0
BUF,2016,6071.3,0.0
BUF,2017,6109.0,0.0
BUF,2018,5883.3,0.0
BUF,2019,6032.7,0.0
BUF,2020,5999.3,0.0
BUF,2021,6384.9,0.0
BUF,2022,5802.5,0.0
BUF,2023,5703.6,0.0
BUF,2024,5688.7,0.0
BUS,2000,2839.5,0.0
BUS,2001,3036.0,0.5
BUS,2002,2811.5,5.900000000000006
BUS,2003,3117.0,35.300000000000004
BUS,2004,3108.3,0.0
BUS,2005,3214.1,4.0000000000000036
BUS,2006,3076.2,7.900000000000002
BUS,2007,2877.0,0.8000000000000007
BUS,2008,3102.9,0.5
BUS,2009,3042.4,0.0
BUS,2010,3392.6,2.099999999999998
BUS,2011,2820.9,3.8999999999999986
BUS,2012,3102.5,2.8000000000000007
BUS,2013,3280.3,9.000000000000004
BUS,2014,2691.3,1.2999999999999972
BUS,2015,2921.9,29.40000000000001
BUS,2016,3063.8,1.8000000000000007
BUS,2017,3022.5,5.599999999999998
BUS,2018,2685.6,15.200000000000006
BUS,2019,2885.0,24.4
BUS,2020,2718.0,3.5
BUS,2021,3096.0,0.5
BUS,2022,2587.7,16.0
BUS,2023,2614.3,13.899999999999999
BUS,2024,2702.0,2.3000000000000007
CDF,2000,4005.4,0.0
CDF,2001,4116.4,0.0
CDF,2002,3841.2,0.0
CDF,2003,3954.3,0.0
CDF,2004,4193.4,0.0
CDF,2005,4255.3,0.0
CDF,2006,3983.7,0.0
CDF,2007,3944.1,0.0
CDF,2008,4006.3,0.0
CDF,2009,3989.0,0.0
CDF,2010,4402.4,0.0
CDF,2011,3693.6,0.0
CDF,2012,4045.3,0.0
CDF,2013,4230.1,0.0
CDF,2014,3673.0,0.0
CDF,2015,3812.5,0.9000000000000021
CDF,2016,3961.8,0.0
CDF,2017,3964.6,0.0
CDF,2018,3588.9,0.0
CDF,2019,3765.3,5.199999999999999
CDF,2020,3604.7,0.0
CDF,2021,4166.5,0.0
CDF,2022,3439.2,0.8000000000000007
CDF,2023,3568.4,0.0
CDF,2024,3593.9,0.0
CDM,2015,2400.3,0.0
CDM,2016,4508.2,0.0
CDM,2017,4491.8,0.0
CDM,2018,4292.4,0.0
CDM,2019,4464.7,0.0
CDM,2020,4209.6,0.0
CDM,2021,4671.5,0.0
CDM,2022,4017.8,0.0
CDM,2023,4244.4,0.0
CDM,2024,4149.7,0.0
CEV,2013,983.3,0.0
CEV,2014,2388.5,0.0
CEV,2015,2553.3,15.699999999999996
CEV,2016,2623.7,0.0
CEV,2017,2661.6,6.799999999999994
CEV,2018,2479.9,13.300000000000004
CEV,2019,2479.0,12.8
CEV,2020,2490.4,2.200000000000003
CEV,2021,2693.6,0.3999999999999986
CEV,2022,2375.2,16.3
CEV,2023,2269.4,13.000000000000004
CEV,2024,2457.4,7.599999999999998
CGI,2000,2739.5,1.6999999999999993
CGI,2001,2848.1,0.3000000000000007
CGI,2002,2670.0,7.0
CGI,2003,2891.8,64.6
CGI,2004,2881.3,0.6000000000000014
CGI,2005,3073.4,3.200000000000003
CGI,2006,2887.8,10.399999999999999
CGI,2007,2741.9,0.0
CGI,2008,2968.3,0.5
CGI,2009,2809.2,4.399999999999999
CGI,2010,3136.4,6.099999999999998
CGI,2011,2563.5,2.1999999999999993
CGI,2012,2848.8,5.0
CGI,2013,3129.3,4.300000000000001
CGI,2014,2498.5,0.0
CGI,2015,2694.9,46.1
CGI,2016,2831.2,4.200000000000003
CGI,2017,2807.7,19.900000000000002
CGI,2018,2492.3,16.0
CGI,2019,2667.7,25.10000000000001
CGI,2020,2511.1,13.8
CGI,2021,2826.1,1.1999999999999993
CGI,2022,2372.1,49.7
CGI,2023,2441.0,42.10000000000001
CGI,2024,2514.5,5.200000000000003
CHA,2000,5022.8,0.0
CHA,2001,5189.8,0.0
CHA,2002,4974.2,0.0
CHA,2003,4780.3,0.0
CHA,2004,5267.6,0.0
CHA,2005,5326.8,0.0
CHA,2006,4884.5,0.0
CHA,2007,4958.9,0.0
CHA,2008,5173.0,0.0
CHA,2009,5027.5,0.0
CHA,2010,5531.7,0.0
CHA,2011,4594.1,0.0
CHA,2012,5083.7,0.0
CHA,2013,5263.6,0.0
CHA,2014,4768.1,0.0
CHA,2015,4649.5,0.0
CHA,2016,4906.1,0.0
CHA,2017,4519.3,0.0
CHA,2018,4569.8,0.0
CHA,2019,4780.3,0.0
CHA,2020,4582.7,0.0
CHA,2021,5042.1,0.0
CHA,2022,4342.2,0.0
CHA,2023,4561.8,0.0
CHA,2024,4480.8,0.0
CHB,2014,1227.6,0.0
CHB,2015,3994.4,0.0
CHB,2016,4132.0,0.0
CHB,2017,4153.7,0.0
CHB,2018,3808.0,0.0
CHB,2019,4029.8,0.0
CHB,2020,3786.4,0.0
CHB,2021,4250.7,0.0
CHB,2022,3631.2,0.0
CHB,2023,3706.4,0.0
CHB,2024,3732.4,0.0
CHD,2000,3846.0,0.0
CHD,2001,3970.8,0.0
CHD,2002,3777.2,0.0
CHD,2003,3886.9,0.1999999999999993
CHD,2004,4026.7,0.0
CHD,2005,4259.5,0.0
CHD,2006,3917.4,0.0
CHD,2007,3916.2,0.0
CHD,2008,4009.2,0.0
CHD,2009,3900.6,0.0
CHD,2010,4275.8,0.0
CHD,2011,3685.0,0.0
CHD,2012,4128.0,0.0
CHD,2013,4338.9,0.0
CHD,2014,3804.2,0.0
CHD,2015,3848.0,0.8999999999999986
CHD,2016,3973.0,0.0
CHD,2017,4009.5,0.0
CHD,2018,3607.4,0.0
CHD,2019,3812.6,0.0
CHD,2020,3658.6,0.0
CHD,2021,4077.1,0.0
CHD,2022,3449.1,0.0
CHD,2023,3571.5,0.0
CHD,2024,3502.4,0.0
CHM,2000,4100.3,0.0
CHM,2001,4330.9,0.0
CHM,2002,4067.4,0.0
CHM,2003,4021.2,1.7999999999999972
CHM,2004,4297.1,0.0
CHM,2005,4382.1,0.0
CHM,2006,4059.4,0.0
CHM,2007,4048.3,0.0
CHM,2008,4248.6,0.0
CHM,2009,4115.9,0.0
CHM,2010,4541.7,0.0
CHM,2011,3738.4,0.0
CHM,2012,4116.1,0.0
CHM,2013,4342.8,0.0
CHM,2014,3794.2,0.0
CHM,2015,3822.0,3.799999999999997
CHM,2016,4032.6,0.0
CHM,2017,3987.0,0.0
CHM,2018,3723.4,0.0
CHM,2019,3903.2,6.899999999999999
CHM,2020,3683.6,0.3999999999999986
CHM,2021,4180.6,0.0
CHM,2022,3497.4,2.1000000000000014
CHM,2023,3632.4,0.5
CHM,2024,3643.3,0.0
CHU,2000,2873.4,4.099999999999998
CHU,2001,3117.6,4.599999999999998
CHU,2002,2810.2,3.599999999999998
CHU,2003,2969.1,35.49999999999999
CHU,2004,3169.8,0.1999999999999993
CHU,2005,3302.6,10.600000000000001
CHU,2006,3007.4,15.599999999999994
CHU,2007,2885.5,4.800000000000001
CHU,2008,2936.2,1.8000000000000007
CHU,2009,2870.4,3.599999999999998
CHU,2010,3205.2,9.2
CHU,2011,2742.5,8.7
CHU,2012,3069.2,6.700000000000003
CHU,2013,3114.8,17.599999999999994
CHU,2014,2541.4,4.199999999999999
CHU,2015,2847.3,36.2
CHU,2016,2899.1,1.1000000000000014
CHU,2017,2967.9,11.900000000000006
CHU,2018,2538.2,13.999999999999996
CHU,2019,2746.5,27.600000000000005
CHU,2020,2682.4,3.400000000000002
CHU,2021,3047.4,4.899999999999999
CHU,2022,2561.0,19.3
CHU,2023,2619.5,27.900000000000002
CHU,2024,2572.1,15.299999999999994
CHZ,2000,2785.8,1.1000000000000014
CHZ,2001,3135.9,0.5999999999999979
CHZ,2002,2934.1,5.399999999999999
CHZ,2003,3197.3,27.099999999999998
CHZ,2004,3124.6,0.0
CHZ,2005,3222.9,4.199999999999999
CHZ,2006,3087.9,11.5
CHZ,2007,2908.1,1.1000000000000014
CHZ,2008,3148.2,1.5
CHZ,2009,3079.8,0.6000000000000014
CHZ,2010,3393.4,3.0
CHZ,2011,2753.9,3.6000000000000014
CHZ,2012,3019.0,3.6000000000000014
CHZ,2013,3293.1,13.0
CHZ,2014,2305.8,0.0
CHZ,2015,2940.4,36.8
CHZ,2016,3059.0,3.3999999999999986
CHZ,2017,2999.4,13.899999999999999
CHZ,2018,2694.6,22.099999999999994
CHZ,2019,2750.0,27.800000000000008
CHZ,2020,2753.9,5.299999999999997
CHZ,2021,3119.8,2.4999999999999964
CHZ,2022,2605.5,16.6
CHZ,2023,2622.4,20.1
CHZ,2024,2731.0,2.5000000000000036
CIM,2000,4550.5,0.0
CIM,2001,4638.4,0.0
CIM,2002,4489.7,0.0
CIM,2003,4424.9,0.0
CIM,2004,4665.4,0.0
CIM,2005,4811.9,0.0
CIM,2006,4467.8,0.0
CIM,2007,4336.6,0.0
CIM,2008,4635.0,0.0
CIM,2009,4531.0,0.0
CIM,2010,5003.8,0.0
CIM,2011,4143.8,0.0
CIM,2012,4206.2,0.0
CIM,2013,4563.8,0.0
CIM,2014,4355.8,0.0
CIM,2015,4033.6,0.0
CIM,2016,4317.9,0.0
CIM,2017,4242.5,0.0
CIM,2018,4210.3,0.0
CIM,2019,4201.8,1.6000000000000014
CIM,2020,4192.3,0.0
CIM,2021,4481.7,0.0
CIM,2022,3887.4,0.0
CIM,2023,3982.4,0.0
CIM,2024,3923.6,0.0
CMA,2000,6489.2,0.0
CMA,2001,6817.9,0.0
CMA,2002,6627.9,0.0
CMA,2003,6501.3,0.0
CMA,2004,6709.2,0.0
CMA,2005,6992.8,0.0
CMA,2006,6539.3,0.0
CMA,2007,6525.2,0.0
CMA,2008,6313.2,22.599999999999998
CMA,2009,6730.7,0.0
CMA,2010,5059.7,0.0
CMA,2011,5991.6,0.0
CMA,2012,6315.6,0.0
CMA,2013,6868.0,0.0
CMA,2014,6560.7,0.0
CMA,2015,6259.1,0.0
CMA,2016,6674.5,0.0
CMA,2017,6598.1,0.0
CMA,2018,6316.8,0.0
CMA,2019,6462.7,0.0
CMA,2020,6345.2,0.0
CMA,2021,6751.9,0.0
CMA,2022,6140.0,0.0
CMA,2023,6249.3,0.0
CMA,2024,6148.2,0.0
COM,2000,2814.4,0.0
COM,2001,2944.8,0.0
COM,2002,2806.8,0.1999999999999993
COM,2003,2923.3,29.200000000000003
COM,2004,2930.6,0.0
COM,2005,3055.1,0.0
COM,2006,2891.4,0.0
COM,2007,2524.7,0.0
COM,2008,2860.8,0.0
COM,2009,2759.7,0.0
COM,2010,3192.3,1.6000000000000014
COM,2011,2717.8,0.0
COM,2012,2770.6,0.0
COM,2013,2934.4,0.3000000000000007
COM,2014,2624.7,0.0
COM,2015,2623.8,2.5
COM,2016,2747.0,0.0
COM,2017,2782.6,0.7999999999999972
COM,2018,2625.3,1.3000000000000007
COM,2019,2641.6,8.200000000000003
COM,2020,2623.3,0.3999999999999986
COM,2021,2871.5,0.10000000000000142
COM,2022,2456.7,6.000000000000007
COM,2023,2430.3,6.100000000000001
COM,2024,2579.7,1.0
COV,2000,8343.5,0.0
COV,2001,8523.5,0.0
COV,2002,8261.5,0.0
COV,2003,8200.5,0.0
COV,2004,8577.8,0.0
COV,2005,8723.6,0.0
COV,2006,8260.6,0.0
COV,2007,8255.6,0.0
COV,2008,8423.4,0.0
COV,2009,8473.3,0.0
COV,2010,8827.3,0.0
COV,2011,8023.3,0.0
COV,2012,8303.4,0.0
COV,2013,8497.1,0.0
COV,2014,8201.3,0.0
COV,2015,7942.7,0.0
COV,2016,8238.3,0.0
COV,2017,8252.3,0.0
COV,2018,8058.9,0.0
COV,2019,8127.2,0.0
COV,2020,7931.5,0.0
COV,2021,8422.4,0.0
COV,2022,7603.6,0.0
COV,2023,7948.2,0.0
COV,2024,7847.9,0.0
COY,2015,2272.2,2.8000000000000007
COY,2016,3744.3,0.0
COY,2017,3641.2,0.0
COY,2018,3356.4,0.0
COY,2019,3575.8,2.8999999999999986
COY,2020,3400.4,0.0
COY,2021,3827.1,0.0
COY,2022,3258.8,0.0
COY,2023,3199.7,0.0
COY,2024,3360.2,0.0
CRM,2000,2904.8,0.0
CRM,2001,3131.0,0.0
CRM,2002,2972.2,2.6999999999999993
CRM,2003,3138.6,10.800000000000004
CRM,2004,3084.2,0.0
CRM,2005,3242.4,1.5
CRM,2006,3089.6,4.4999999999999964
CRM,2007,2835.1,0.0
CRM,2008,3082.3,0.1999999999999993
CRM,2009,2958.6,0.0
CRM,2010,3201.0,1.4000000000000021
CRM,2011,2719.3,0.8000000000000007
CRM,2012,2964.2,0.6000000000000014
CRM,2013,2734.5,6.5
CRM,2014,2604.4,0.0
CRM,2015,2787.5,26.0
CRM,2016,2945.2,0.7000000000000028
CRM,2017,2954.8,6.099999999999998
CRM,2018,2626.9,9.199999999999996
CRM,2019,2822.0,18.6
CRM,2020,2638.9,3.3000000000000007
CRM,2021,3013.4,0.3000000000000007
CRM,2022,2544.8,14.599999999999998
CRM,2023,2551.2,15.400000000000006
CRM,2024,2662.5,4.0000000000000036
DAV,2000,5021.9,0.0
DAV,2001,5190.9,0.0
DAV,2002,4951.4,0.0
DAV,2003,4967.8,0.0
DAV,2004,5289.8,0.0
DAV,2005,5465.0,0.0
DAV,2006,5012.0,0.0
DAV,2007,5060.2,0.0
DAV,2008,5200.5,0.0
DAV,2009,5187.2,0.0
DAV,2010,5568.4,0.0
DAV,2011,4833.7,0.0
DAV,2012,5147.7,0.0
DAV,2013,5220.1,0.0
DAV,2014,4813.0,0.0
DAV,2015,4809.5,0.0
DAV,2016,4990.9,0.0
DAV,2017,5042.2,0.0
DAV,2018,4725.1,0.0
DAV,2019,4920.6,0.0
DAV,2020,4803.6,0.0
DAV,2021,5207.7,0.0
DAV,2022,4623.6,0.0
DAV,2023,4676.7,0.0
DAV,2024,4599.9,0.0
DEM,2000,2895.1,1.2999999999999972
DEM,2001,3049.0,0.0
DEM,2002,2886.0,3.8000000000000007
DEM,2003,3128.6,32.7
DEM,2004,3186.8,0.1999999999999993
DEM,2005,3300.0,2.700000000000003
DEM,2006,3103.1,10.7
DEM,2007,2893.8,1.0999999999999979
DEM,2008,3109.9,0.1999999999999993
DEM,2009,3014.5,1.3000000000000007
DEM,2010,3373.4,5.399999999999999
DEM,2011,2689.5,4.300000000000001
DEM,2012,3119.9,5.399999999999999
DEM,2013,3379.5,4.700000000000003
DEM,2014,2805.8,0.0
DEM,2015,3069.7,20.800000000000008
DEM,2016,3212.0,1.8999999999999986
DEM,2017,3155.9,3.1000000000000014
DEM,2018,2833.6,6.699999999999996
DEM,2019,3047.1,15.499999999999996
DEM,2020,2833.4,3.6000000000000014
DEM,2021,3205.7,0.0
DEM,2022,2714.7,7.399999999999999
DEM,2023,2627.4,6.800000000000001
DEM,2024,2816.7,2.599999999999998
DIA,2000,2713.7,0.0
DIA,2001,4015.0,0.0
DIA,2002,6022.0,0.0
DIA,2003,6942.0,0.0
DIA,2004,7320.0,0.0
DIA,2005,7076.9,0.0
DIA,2006,6452.2,0.0
DIA,2007,6837.8,0.0
DIA,2008,7027.5,0.0
DIA,2009,7527.1,0.0
DIA,2010,8003.9,0.0
DIA,2011,6927.8,0.0
DIA,2012,6283.6,0.0
DIA,2013,6119.2,0.0
DIA,2014,6519.4,0.0
DIA,2015,6620.6,0.0
DIA,2016,6269.5,0.0
DIA,2017,5629.3,0.0
DIA,2018,6445.4,0.0
DIA,2019,6803.3,0.0
DIA,2020,7039.9,0.0
DIA,2021,7529.1,0.0
DIA,2022,6221.4,0.0
DIA,2023,7070.3,0.0
DIA,2024,7031.9,0.0
DIS,2000,3980.0,0.0
DIS,2001,4163.7,0.0
DIS,2002,3900.0,0.0
DIS,2003,3831.7,0.0
DIS,2004,4150.2,0.0
DIS,2005,4329.8,0.0
DIS,2006,3870.5,0.0
DIS,2007,3931.2,0.0
DIS,2008,4083.8,0.0
DIS,2009,4040.6,0.0
DIS,2010,4453.6,0.0
DIS,2011,3659.7,0.0
DIS,2012,4134.6,0.0
DIS,2013,4164.4,0.0
DIS,2014,3731.1,0.0
DIS,2015,3751.7,0.0
DIS,2016,3889.1,0.0
DIS,2017,3981.6,0.0
DIS,2018,3612.1,0.0
DIS,2019,3839.6,0.5
DIS,2020,3629.4,0.0
DIS,2021,4126.3,0.0
DIS,2022,3474.5,0.0
DIS,2023,3600.5,0.1999999999999993
DIS,2024,3565.7,0.0
DOL,2000,4996.1,0.0
DOL,2001,5163.5,0.0
DOL,2002,4959.1,0.0
DOL,2003,4727.2,0.0
DOL,2004,5181.7,0.0
DOL,2005,5256.7,0.0
DOL,2006,4766.4,0.0
DOL,2007,4955.1,0.0
DOL,2008,5223.8,0.0
DOL,2009,5021.4,0.0
DOL,2010,5535.5,0.0
DOL,2011,4617.3,0.0
DOL,2012,5062.7,0.0
DOL,2013,5244.3,0.0
DOL,2014,4816.6,0.0
DOL,2015,4680.6,0.0
DOL,2016,4926.4,0.0
DOL,2017,4853.5,0.0
DOL,2018,4595.1,0.0
DOL,2019,4785.9,0.6999999999999993
DOL,2020,4585.9,0.0
DOL,2021,5023.8,0.0
DOL,2022,4299.9,0.0
DOL,2023,4539.3,0.0
DOL,2024,4488.7,0.0
EBK,2000,3465.4,0.0
EBK,2001,3626.7,0.0
EBK,2002,3440.9,0.7000000000000028
EBK,2003,3643.3,0.0
EBK,2004,3719.7,0.0
EBK,2005,3848.2,0.0
EBK,2006,3701.3,0.0
EBK,2007,3461.6,0.0
EBK,2008,3647.9,0.0
EBK,2009,3586.3,0.0
EBK,2010,4017.2,0.1999999999999993
EBK,2011,3753.1,0.0
EBK,2012,3807.7,0.0
EBK,2013,3888.3,0.40000000000000213
EBK,2014,3306.2,0.0
EBK,2015,3514.0,4.799999999999997
EBK,2016,3538.6,0.0
EBK,2017,3601.6,0.0
EBK,2018,3229.9,0.10000000000000142
EBK,2019,3472.5,2.6999999999999993
EBK,2020,3370.2,0.0
EBK,2021,3760.3,0.0
EBK,2022,3178.8,0.3000000000000007
EBK,2023,3154.4,0.3999999999999986
EBK,2024,3224.4,0.10000000000000142
EGH,2000,6450.9,0.0
EGH,2001,5197.1,0.0
EGH,2002,7316.4,0.0
EGH,2003,7193.4,0.0
EGH,2004,7539.8,0.0
EGH,2005,7533.7,0.0
EGH,2006,6800.6,0.0
EGH,2007,7211.1,0.0
EGH,2008,7312.4,0.0
EGH,2009,6886.8,0.0
EGH,2010,7746.1,0.0
EGH,2011,4405.4,0.0
EGH,2012,5045.2,0.0
EGH,2013,7487.1,0.0
EGH,2014,7269.4,0.0
EGH,2015,6133.6,0.0
EGH,2016,7235.0,0.0
EGH,2017,7176.8,0.0
EGH,2018,6731.1,0.0
EGH,2019,7122.3,0.0
EGH,2020,6821.3,0.0
EGH,2021,7431.3,0.0
EGH,2022,6712.2,0.0
EGH,2023,6874.7,0.0
EGH,2024,4850.5,0.0
EGO,2010,1383.4,0.0
EGO,2011,3019.3,0.8000000000000007
EGO,2012,3275.4,0.8000000000000007
EGO,2013,3423.6,6.399999999999999
EGO,2014,2835.8,0.0
EGO,2015,3166.2,18.80000000000001
EGO,2016,3280.8,1.8000000000000007
EGO,2017,3222.8,6.200000000000003
EGO,2018,2913.1,8.0
EGO,2019,3091.3,19.400000000000006
EGO,2020,2951.9,2.200000000000003
EGO,2021,3334.4,0.0
EGO,2022,2787.5,6.300000000000001
EGO,2023,2814.8,10.2
EGO,2024,2949.6,0.5
EIN,2000,3841.5,0.0
EIN,2001,4064.7,0.0
EIN,2002,3836.1,0.0
EIN,2003,3969.4,0.0
EIN,2004,4177.6,0.0
EIN,2005,4307.7,0.0
EIN,2006,4069.8,0.0
EIN,2007,3911.8,0.0
EIN,2008,4078.6,0.0
EIN,2009,4020.2,0.0
EIN,2010,4422.8,0.0
EIN,2011,3751.8,0.0
EIN,2012,4013.4,0.0
EIN,2013,4238.4,0.8000000000000007
EIN,2014,3638.9,0.0
EIN,2015,3770.4,2.299999999999997
EIN,2016,3834.7,0.0
EIN,2017,3885.2,0.0
EIN,2018,3517.8,0.0
EIN,2019,3779.7,0.7000000000000028
EIN,2020,3608.0,0.0
EIN,2021,4057.8,0.0
EIN,2022,3447.8,0.0
EIN,2023,3487.0,0.0
EIN,2024,3506.7,0.0
ELM,2000,3913.2,0.0
ELM,2001,4132.3,0.0
ELM,2002,3816.3,0.0
ELM,2003,3862.8,0.0
ELM,2004,4179.4,0.0
ELM,2005,4324.5,0.0
ELM,2006,3926.9,0.0
ELM,2007,3912.2,0.0
ELM,2008,3969.0,0.0
ELM,2009,3951.3,0.0
ELM,2010,4309.3,0.0
ELM,2011,3761.4,0.0
ELM,2012,4122.7,0.0
ELM,2013,4267.2,0.5999999999999979
ELM,2014,3623.0,0.0
ELM,2015,3812.8,0.0
ELM,2016,3866.3,0.0
ELM,2017,3997.3,0.6999999999999993
ELM,2018,3530.3,0.0
ELM,2019,3789.0,0.0
ELM,2020,3712.0,0.0
ELM,2021,4144.1,0.0
ELM,2022,3548.7,0.0
ELM,2023,3610.5,0.0
ELM,2024,3521.8,0.0
ENG,2000,4008.8,0.0
ENG,2001,4260.7,0.0
ENG,2002,3982.6,0.0
ENG,2003,4024.0,0.0
ENG,2004,4297.2,0.0
ENG,2005,4457.1,0.0
ENG,2006,4028.5,0.0
ENG,2007,4011.4,0.0
ENG,2008,4158.9,0.0
ENG,2009,4097.3,0.0
ENG,2010,4540.9,0.0
ENG,2011,3844.1,0.0
ENG,2012,4166.0,0.0
ENG,2013,4338.5,0.3000000000000007
ENG,2014,3765.3,0.0
ENG,2015,3830.0,0.10000000000000142
ENG,2016,3928.2,0.0
ENG,2017,4001.0,0.0
ENG,2018,3655.4,0.0
ENG,2019,3842.7,1.0
ENG,2020,3717.7,0.0
ENG,2021,4173.4,0.0
ENG,2022,3565.5,0.0
ENG,2023,3615.6,0.0
ENG,2024,3576.7,0.0
EVI,2000,2590.7,3.3000000000000007
EVI,2001,2872.8,2.6000000000000014
EVI,2002,2628.6,10.0
EVI,2003,2518.1,56.2
EVI,2004,2908.8,3.1999999999999993
EVI,2005,3111.6,7.4999999999999964
EVI,2006,1905.2,7.0
EVI,2007,1540.7,1.1000000000000014
EVI,2008,2832.4,1.1000000000000014
EVI,2009,2708.8,7.200000000000003
EVI,2010,2972.4,7.099999999999998
EVI,2011,2467.4,7.199999999999999
EVI,2012,2751.8,15.2
EVI,2013,2248.0,6.800000000000001
EVI,2014,2405.1,2.5
EVI,2015,2612.9,39.99999999999999
EVI,2016,2758.1,5.0
EVI,2017,2792.0,16.100000000000005
EVI,2018,2347.3,17.5
EVI,2019,2566.8,30.999999999999996
EVI,2020,2478.8,5.600000000000001
EVI,2021,2880.6,2.5
EVI,2022,2451.5,32.1
EVI,2023,2480.4,44.800000000000004
EVI,2024,2456.8,10.700000000000006
EVO,2000,4835.4,0.0
EVO,2001,5015.0,0.0
EVO,2002,4846.7,0.0
EVO,2003,4678.1,0.0
EVO,2004,5044.0,0.0
EVO,2005,5249.0,0.0
EVO,2006,4798.1,0.0
EVO,2007,4821.5,0.0
EVO,2008,5022.7,0.0
EVO,2009,4927.6,0.0
EVO,2010,5422.6,0.0
EVO,2011,4546.9,0.0
EVO,2012,4899.4,0.0
EVO,2013,5094.9,0.0
EVO,2014,4735.0,0.0
EVO,2015,4525.7,0.0
EVO,2016,4809.5,0.0
EVO,2017,4720.3,0.0
EVO,2018,4563.7,0.0
EVO,2019,4657.1,0.0
EVO,2020,4498.0,0.0
EVO,2021,4916.3,0.0
EVO,2022,4188.3,0.0
EVO,2023,4423.1,0.0
EVO,2024,4404.1,0.0
FAH,2000,2990.5,0.0
FAH,2001,3373.8,0.0
FAH,2002,3114.1,2.5
FAH,2003,3196.0,42.3
FAH,2004,3409.6,0.0
FAH,2005,3443.6,1.6000000000000014
FAH,2006,3241.9,8.999999999999996
FAH,2007,3142.6,0.3000000000000007
FAH,2008,3345.8,0.0
FAH,2009,3202.5,1.3999999999999986
FAH,2010,3663.5,2.0
FAH,2011,2921.8,5.599999999999998
FAH,2012,3323.8,3.599999999999998
FAH,2013,3561.8,6.0
FAH,2014,2888.0,0.8999999999999986
FAH,2015,2995.5,30.1
FAH,2016,3265.2,4.399999999999999
FAH,2017,3165.3,8.999999999999996
FAH,2018,2856.7,11.600000000000001
FAH,2019,3004.3,22.900000000000002
FAH,2020,2769.2,11.099999999999998
FAH,2021,3279.0,0.0
FAH,2022,2696.1,16.4
FAH,2023,2720.5,11.599999999999998
FAH,2024,2858.2,2.799999999999997
FLU,2015,2250.7,3.8000000000000007
FLU,2016,3810.6,0.0
FLU,2017,3796.7,0.8999999999999986
FLU,2018,3503.2,0.0
FLU,2019,3664.2,2.6000000000000014
FLU,2020,3529.4,0.0
FLU,2021,3989.9,0.0
FLU,2022,3359.0,0.0
FLU,2023,3406.7,0.5
FLU,2024,3411.2,0.0
FRE,2000,4186.3,0.0
FRE,2001,4430.2,0.0
FRE,2002,4167.5,0.0
FRE,2003,4086.5,0.5
FRE,2004,4426.2,0.0
FRE,2005,4485.3,0.0
FRE,2006,4119.9,0.0
FRE,2007,4192.5,0.0
FRE,2008,4388.9,0.0
FRE,2009,4285.2,0.0
FRE,2010,4753.3,0.0
FRE,2011,3885.1,0.0
FRE,2012,4316.7,0.0
FRE,2013,4536.4,0.0
FRE,2014,3999.2,0.0
FRE,2015,3945.5,0.10000000000000142
FRE,2016,4120.5,0.0
FRE,2017,4079.3,0.0
FRE,2018,3811.6,0.0
FRE,2019,3998.0,1.8999999999999986
FRE,2020,3783.4,0.0
FRE,2021,4249.3,0.0
FRE,2022,3564.3,0.0
FRE,2023,3721.9,0.0
FRE,2024,3727.8,0.0
FRU,2015,1461.6,0.0
FRU,2016,3683.3,0.0
FRU,2017,3746.8,0.0
FRU,2018,3319.4,0.0
FRU,2019,3534.3,1.0
FRU,2020,3426.3,0.0
FRU,2021,3883.2,0.0
FRU,2022,3265.9,0.0
FRU,2023,3317.6,0.0
FRU,2024,3342.7,0.0
GEN,2000,4349.6,0.0
GEN,2001,4535.8,0.0
GEN,2002,4402.1,0.0
GEN,2003,4260.6,0.0
GEN,2004,4603.1,0.0
GEN,2005,4760.5,0.0
GEN,2006,3680.2,0.0
GEN,2007,3715.4,0.0
GEN,2008,3635.0,0.0
GEN,2009,3647.3,0.0
GEN,2010,4069.8,0.0
GEN,2011,3976.3,0.0
GEN,2012,4150.7,0.0
GEN,2013,4329.8,0.0
GEN,2014,4210.4,0.0
GEN,2015,3984.9,0.0
GEN,2016,4121.9,0.0
GEN,2017,3923.3,0.0
GEN,2018,4119.8,0.0
GEN,2019,3983.3,1.8000000000000007
GEN,2020,4129.5,0.0
GEN,2021,4407.4,0.0
GEN,2022,3835.5,0.0
GEN,2023,3948.7,0.0
GEN,2024,3875.2,0.0
GES,2015,1775.9,21.700000000000003
GES,2016,2938.1,0.8000000000000007
GES,2017,2965.9,8.099999999999998
GES,2018,2697.8,7.300000000000004
GES,2019,2748.2,17.5
GES,2020,2662.9,3.0
GES,2021,3060.5,1.0
GES,2022,2525.9,12.099999999999998
GES,2023,2581.4,14.600000000000001
GES,2024,2662.9,0.1999999999999993
GIH,2010,1351.7,0.0
GIH,2011,3166.9,0.0
GIH,2012,3340.8,0.0
GIH,2013,3484.5,1.1000000000000014
GIH,2014,2944.8,0.0
GIH,2015,3245.4,10.199999999999996
GIH,2016,3246.7,0.0
GIH,2017,3283.4,4.099999999999998
GIH,2018,2881.6,1.9000000000000021
GIH,2019,3093.3,10.100000000000001
GIH,2020,3066.7,0.0
GIH,2021,3325.1,0.0
GIH,2022,2896.6,3.6999999999999993
GIH,2023,2844.9,2.8000000000000007
GIH,2024,2981.0,0.0
GLA,2000,3122.8,2.5
GLA,2001,3326.3,1.5999999999999979
GLA,2002,3108.4,1.9000000000000021
GLA,2003,3337.3,13.399999999999995
GLA,2004,3453.5,0.0
GLA,2005,3579.4,0.3999999999999986
GLA,2006,3405.4,2.8000000000000043
GLA,2007,3208.3,2.1999999999999993
GLA,2008,3278.9,1.6000000000000014
GLA,2009,3227.5,0.3999999999999986
GLA,2010,3608.6,3.3000000000000007
GLA,2011,3052.1,0.5
GLA,2012,3312.6,0.8999999999999986
GLA,2013,3499.3,6.899999999999999
GLA,2014,2893.3,0.0
GLA,2015,3155.6,13.5
GLA,2016,3180.0,0.0
GLA,2017,3294.6,2.6000000000000014
GLA,2018,2822.8,8.0
GLA,2019,3048.1,10.2
GLA,2020,2968.6,0.3000000000000007
GLA,2021,3372.0,0.0
GLA,2022,2837.1,4.699999999999996
GLA,2023,2882.2,6.199999999999999
GLA,2024,2891.0,0.0
GOE,2000,2878.7,0.0
GOE,2001,3041.9,0.0
GOE,2002,2876.2,4.399999999999995
GOE,2003,3146.4,29.8
GOE,2004,3104.4,0.0
GOE,2005,3236.1,4.300000000000004
GOE,2006,3068.4,6.0
GOE,2007,2849.9,0.6999999999999993
GOE,2008,3096.4,1.0
GOE,2009,3023.7,0.0
GOE,2010,3401.7,2.8000000000000007
GOE,2011,2843.3,1.5000000000000036
GOE,2012,3097.2,1.6999999999999993
GOE,2013,3266.4,9.400000000000002
GOE,2014,2708.6,0.0
GOE,2015,2918.5,28.2
GOE,2016,3042.5,1.8999999999999986
GOE,2017,3023.6,6.699999999999999
GOE,2018,2672.5,17.799999999999997
GOE,2019,2872.8,22.7
GOE,2020,2715.7,4.199999999999999
GOE,2021,3095.2,0.7999999999999972
GOE,2022,2580.5,16.0
GOE,2023,2615.2,13.800000000000004
GOE,2024,2700.9,0.8000000000000007
GOR,2000,7156.2,0.0
GOR,2001,7154.3,0.0
GOR,2002,7376.8,0.0
GOR,2003,7145.5,0.0
GOR,2004,7581.1,0.0
GOR,2005,7761.4,0.0
GOR,2006,7274.7,0.0
GOR,2007,6967.6,0.0
GOR,2008,7522.8,0.0
GOR,2009,7505.4,0.0
GOR,2010,7818.4,0.0
GOR,2011,7063.8,0.0
GOR,2012,7367.2,0.0
GOR,2013,7759.0,0.0
GOR,2014,7431.8,0.0
GOR,2015,7091.1,0.0
GOR,2016,7408.0,0.0
GOR,2017,7150.0,0.0
GOR,2018,7119.2,0.0
GOR,2019,7254.7,0.0
GOR,2020,7101.7,0.0
GOR,2021,7547.6,0.0
GOR,2022,6858.2,0.0
GOR,2023,7057.6,0.0
GOR,2024,7071.7,0.0
GOS,2016,2657.1,0.0
GOS,2017,3580.4,0.0
GOS,2018,3165.4,0.10000000000000142
GOS,2019,3419.4,8.500000000000004
GOS,2020,3226.3,0.0
GOS,2021,3731.7,0.0
GOS,2022,3058.1,3.1999999999999993
GOS,2023,3195.2,0.6999999999999993
GOS,2024,3143.8,0.0
GRA,2000,3180.6,0.0
GRA,2001,3299.6,0.0
GRA,2002,3170.0,1.3999999999999986
GRA,2003,3335.7,14.199999999999996
GRA,2004,3392.5,0.0
GRA,2005,2693.9,1.1999999999999993
GRA,2006,1200.4,3.099999999999998
GRA,2007,3217.2,0.0
GRA,2008,3395.5,1.0
GRA,2009,3271.9,0.0
GRA,2010,3580.0,0.6999999999999993
GRA,2011,3006.1,0.10000000000000142
GRA,2012,3341.5,0.40000000000000213
GRA,2013,3599.2,3.3000000000000043
GRA,2014,2986.2,0.0
GRA,2015,3192.2,23.499999999999996
GRA,2016,3345.9,0.3000000000000007
GRA,2017,3219.3,8.8
GRA,2018,2986.4,2.6999999999999993
GRA,2019,3174.8,14.200000000000003
GRA,2020,2935.7,3.700000000000003
GRA,2021,3356.2,0.0
GRA,2022,2806.1,11.5
GRA,2023,2819.3,11.200000000000006
GRA,2024,2952.8,0.3000000000000007
GRC,2000,4259.1,0.0
GRC,2001,4347.3,0.0
GRC,2002,4232.7,0.0
GRC,2003,4085.6,0.0
GRC,2004,4388.9,0.0
GRC,2005,4576.2,0.0
GRC,2006,4142.4,0.0
GRC,2007,4145.2,0.0
GRC,2008,4346.9,0.0
GRC,2009,4280.6,0.0
GRC,2010,4694.8,0.0
GRC,2011,3872.5,0.0
GRC,2012,4245.2,0.0
GRC,2013,4598.6,0.0
GRC,2014,4378.0,0.0
GRC,2015,4224.2,0.0
GRC,2016,4483.3,0.0
GRC,2017,4422.3,0.0
GRC,2018,4211.6,0.0
GRC,2019,4334.0,0.10000000000000142
GRC,2020,4137.8,0.0
GRC,2021,4551.5,0.0
GRC,2022,3903.2,0.0
GRC,2023,4119.3,0.0
GRC,2024,4120.5,0.0
GRE,2000,2937.6,0.0
GRE,2001,3143.5,0.0
GRE,2002,3012.2,3.3000000000000007
GRE,2003,3239.7,12.800000000000008
GRE,2004,3277.0,0.0
GRE,2005,3420.9,2.3000000000000007
GRE,2006,3220.9,4.800000000000001
GRE,2007,2994.1,0.0
GRE,2008,3260.4,0.1999999999999993
GRE,2009,3080.2,0.0
GRE,2010,3544.4,1.8000000000000007
GRE,2011,2909.6,1.5999999999999979
GRE,2012,3168.7,0.9000000000000021
GRE,2013,3241.3,5.299999999999997
GRE,2014,2792.6,0.0
GRE,2015,2996.5,29.700000000000014
GRE,2016,3123.9,1.7000000000000028
GRE,2017,3094.7,6.699999999999999
GRE,2018,2688.6,7.600000000000001
GRE,2019,3012.7,13.799999999999997
GRE,2020,2832.3,2.6999999999999993
GRE,2021,3168.8,0.0
GRE,2022,2681.6,10.700000000000003
GRE,2023,2704.1,12.600000000000005
GRE,2024,2830.6,1.4000000000000021
GRH,2000,5709.7,0.0
GRH,2001,5845.5,0.0
GRH,2002,5659.1,0.0
GRH,2003,5568.3,0.0
GRH,2004,5821.6,0.0
GRH,2005,5978.9,0.0
GRH,2006,5577.0,0.0
GRH,2007,5597.4,0.0
GRH,2008,5798.5,0.0
GRH,2009,5742.8,0.0
GRH,2010,6233.7,0.0
GRH,2011,5328.5,0.0
GRH,2012,5723.1,0.0
GRH,2013,5859.9,0.0
GRH,2014,5449.6,0.0
GRH,2015,5345.0,0.0
GRH,2016,5650.3,0.0
GRH,2017,5588.6,0.0
GRH,2018,5390.0,0.0
GRH,2019,5423.0,0.0
GRH,2020,5256.7,0.0
GRH,2021,5678.3,0.0
GRH,2022,5044.0,0.0
GRH,2023,5199.9,0.0
GRH,2024,5176.5,0.0
GRO,2000,2276.0,1.9000000000000021
GRO,2001,2392.4,7.100000000000005
GRO,2002,2220.4,14.299999999999997
GRO,2003,2334.3,167.5
GRO,2004,2386.8,14.700000000000006
GRO,2005,2450.9,28.30000000000001
GRO,2006,2269.8,27.700000000000006
GRO,2007,1972.2,15.7
GRO,2008,2357.9,5.099999999999991
GRO,2009,2280.2,9.800000000000004
GRO,2010,2662.0,32.7
GRO,2011,2074.4,7.200000000000003
GRO,2012,2477.7,32.3
GRO,2013,2882.8,3.5
GRO,2014,2497.8,0.0
GRO,2015,2700.9,23.2
GRO,2016,2779.1,0.3999999999999986
GRO,2017,2889.9,6.300000000000004
GRO,2018,2582.6,6.300000000000001
GRO,2019,2769.6,12.600000000000005
GRO,2020,2685.6,2.400000000000002
GRO,2021,2891.7,0.0
GRO,2022,2544.0,17.799999999999997
GRO,2023,2442.7,16.0
GRO,2024,2635.2,10.200000000000003
GSB,2000,6621.6,0.0
GSB,2001,6740.2,0.0
GSB,2002,6580.6,0.0
GSB,2003,6468.2,0.0
GSB,2004,6751.0,0.0
GSB,2005,6882.8,0.0
GSB,2006,6538.7,0.0
GSB,2007,6477.5,0.0
GSB,2008,6697.0,0.0
GSB,2009,6636.4,0.0
GSB,2010,7124.7,0.0
GSB,2011,6281.9,0.0
GSB,2012,6565.5,0.0
GSB,2013,6821.2,0.0
GSB,2014,6471.6,0.0
GSB,2015,6192.2,0.0
GSB,2016,6509.1,0.0
GSB,2017,6395.1,0.0
GSB,2018,6342.3,0.0
GSB,2019,6387.5,0.0
GSB,2020,6237.0,0.0
GSB,2021,6609.6,0.0
GSB,2022,5915.1,0.0
GSB,2023,6082.5,0.0
GSB,2024,6116.7,0.0
GUE,2000,6245.0,0.0
GUE,2001,6397.2,0.0
GUE,2002,6206.7,0.0
GUE,2003,6039.1,0.0
GUE,2004,6416.0,0.0
GUE,2005,6535.6,0.0
GUE,2006,6110.7,0.0
GUE,2007,6108.2,0.0
GUE,2008,6337.5,0.0
GUE,2009,6328.5,0.0
GUE,2010,6762.4,0.0
GUE,2011,5804.8,0.0
GUE,2012,5949.5,0.0
GUE,2013,6401.9,0.0
GUE,2014,6047.2,0.0
GUE,2015,5821.6,0.0
GUE,2016,6140.9,0.0
GUE,2017,6088.2,0.0
GUE,2018,5933.7,0.0
GUE,2019,5964.5,0.0
GUE,2020,5839.6,0.0
GUE,2021,6271.6,0.0
GUE,2022,5642.9,0.0
GUE,2023,5759.1,0.0
GUE,2024,5700.9,0.0
GUT,2000,2988.7,0.1999999999999993
GUT,2001,3186.5,0.0
GUT,2002,2962.2,2.8000000000000007
GUT,2003,3233.0,12.500000000000004
GUT,2004,3238.8,0.0
GUT,2005,3328.6,0.9000000000000021
GUT,2006,3146.0,7.800000000000004
GUT,2007,2837.1,1.2000000000000028
GUT,2008,3026.4,0.9000000000000021
GUT,2009,3010.3,0.0
GUT,2010,3435.4,4.5
GUT,2011,2973.8,0.3000000000000007
GUT,2012,3138.9,0.6000000000000014
GUT,2013,3335.4,5.699999999999999
GUT,2014,2746.8,1.9000000000000021
GUT,2015,3004.1,15.7
GUT,2016,3055.6,0.3999999999999986
GUT,2017,3083.2,7.9999999999999964
GUT,2018,2712.7,9.199999999999996
GUT,2019,2928.4,14.000000000000004
GUT,2020,2814.4,1.7000000000000028
GUT,2021,3192.1,1.3000000000000043
GUT,2022,2683.8,7.400000000000002
GUT,2023,2666.0,4.900000000000002
GUT,2024,2735.2,1.0
GVE,2000,2500.5,5.5
GVE,2001,2726.0,1.2000000000000028
GVE,2002,2551.5,15.800000000000004
GVE,2003,2774.3,86.9
GVE,2004,2712.3,3.1000000000000014
GVE,2005,2928.9,21.9
GVE,2006,2775.6,22.700000000000006
GVE,2007,2640.8,1.5
GVE,2008,2825.9,5.899999999999999
GVE,2009,2723.3,9.5
GVE,2010,3098.1,12.0
GVE,2011,2567.5,5.300000000000001
GVE,2012,2811.2,9.000000000000007
GVE,2013,3050.7,9.500000000000004
GVE,2014,2416.0,0.0
GVE,2015,2686.1,56.400000000000006
GVE,2016,2795.6,6.099999999999998
GVE,2017,2799.9,31.3
GVE,2018,2426.7,19.4
GVE,2019,2589.0,34.099999999999994
GVE,2020,2463.9,23.7
GVE,2021,2778.7,1.5
GVE,2022,2359.9,52.6
GVE,2023,2370.9,49.2
GVE,2024,2479.9,12.5
HAI,2000,3403.2,0.0
HAI,2001,3661.3,0.0
HAI,2002,3429.2,1.6999999999999993
HAI,2003,3603.6,12.500000000000004
HAI,2004,3729.2,0.0
HAI,2005,3798.0,0.0
HAI,2006,3621.7,3.1000000000000014
HAI,2007,3444.2,0.0
HAI,2008,3597.0,0.0
HAI,2009,3550.3,0.0
HAI,2010,3989.3,1.2000000000000028
HAI,2011,3452.2,0.0
HAI,2012,3582.1,1.5999999999999979
HAI,2013,3794.6,8.899999999999999
HAI,2014,3123.5,1.8999999999999986
HAI,2015,3283.4,23.7
HAI,2016,3460.6,0.40000000000000213
HAI,2017,3441.3,5.800000000000004
HAI,2018,3097.6,9.000000000000004
HAI,2019,3295.2,17.2
HAI,2020,3140.0,4.100000000000001
HAI,2021,3592.6,0.10000000000000142
HAI,2022,2981.8,13.599999999999998
HAI,2023,2965.2,9.8
HAI,2024,3100.1,0.10000000000000142
HLL,2000,3000.0,0.0
HLL,2001,3231.5,0.0
HLL,2002,2990.5,4.300000000000004
HLL,2003,3227.3,32.7
HLL,2004,3256.3,0.0
HLL,2005,3321.0,2.1000000000000014
HLL,2006,3214.1,7.600000000000001
HLL,2007,2921.1,0.1999999999999993
HLL,2008,3150.7,0.3000000000000007
HLL,2009,3129.0,0.0
HLL,2010,3527.3,4.0
HLL,2011,2932.5,5.100000000000001
HLL,2012,3253.2,0.0
HLL,2013,3438.1,3.799999999999997
HLL,2014,2909.7,0.0
HLL,2015,3117.2,18.9
HLL,2016,3208.4,0.1999999999999993
HLL,2017,3257.4,1.6999999999999993
HLL,2018,2853.8,13.699999999999992
HLL,2019,3069.2,9.200000000000003
HLL,2020,2946.6,2.1000000000000014
HLL,2021,3341.4,0.3000000000000007
HLL,2022,2817.7,8.900000000000002
HLL,2023,2804.3,16.1
HLL,2024,2856.9,1.1000000000000014
HOE,2000,3904.5,0.0
HOE,2001,4261.4,0.0
HOE,2002,3921.7,0.6999999999999993
HOE,2003,3891.4,11.900000000000002
HOE,2004,4242.2,0.0
HOE,2005,4329.4,0.0
HOE,2006,3958.4,0.0
HOE,2007,3973.0,0.0
HOE,2008,4065.9,0.0
HOE,2009,4086.7,0.3999999999999986
HOE,2010,4572.5,0.0
HOE,2011,3699.1,0.5999999999999979
HOE,2012,4109.8,0.3000000000000007
HOE,2013,4332.7,2.0000000000000036
HOE,2014,3668.5,0.0
HOE,2015,3747.3,8.400000000000002
HOE,2016,3933.5,0.0
HOE,2017,3947.6,0.0
HOE,2018,3595.9,0.8000000000000007
HOE,2019,3796.3,8.699999999999996
HOE,2020,3599.1,0.7000000000000028
HOE,2021,4125.0,0.0
HOE,2022,3472.0,2.8999999999999986
HOE,2023,3645.3,1.3000000000000007
HOE,2024,3550.3,0.0
ILZ,2014,1546.8,0.0
ILZ,2015,3552.3,4.900000000000006
ILZ,2016,3637.3,0.0
ILZ,2017,3721.1,0.0
ILZ,2018,3326.8,0.6999999999999993
ILZ,2019,3569.3,1.6999999999999993
ILZ,2020,3449.8,0.0
ILZ,2021,3918.0,0.0
ILZ,2022,3343.6,0.5
ILZ,2023,3240.3,1.5999999999999979
ILZ,2024,3369.5,0.3000000000000007
INT,2000,3219.6,0.0
INT,2001,3337.2,0.0
INT,2002,3207.2,1.1000000000000014
INT,2003,3318.1,8.0
INT,2004,3389.0,0.0
INT,2005,3574.5,0.10000000000000142
INT,2006,3324.4,0.0
INT,2007,3127.3,0.0
INT,2008,3232.5,0.3000000000000007
INT,2009,3190.6,0.0
INT,2010,3520.0,0.5
INT,2011,2951.6,1.0
INT,2012,3281.8,0.0
INT,2013,3407.9,3.400000000000002
INT,2014,2898.5,0.0
INT,2015,3150.1,20.500000000000007
INT,2016,3223.0,0.3000000000000007
INT,2017,3259.4,3.8000000000000007
INT,2018,2870.1,2.400000000000002
INT,2019,3056.5,15.5
INT,2020,2983.3,0.10000000000000142
INT,2021,3383.6,0.0
INT,2022,2842.5,5.0000000000000036
INT,2023,2881.1,10.299999999999997
INT,2024,2937.3,0.10000000000000142
JUN,2000,9047.2,0.0
JUN,2001,9137.3,0.0
JUN,2002,8956.5,0.0
JUN,2003,8812.8,0.0
JUN,2004,9017.5,0.0
JUN,2005,9116.2,0.0
JUN,2006,8828.6,0.0
JUN,2007,8939.3,0.0
JUN,2008,9085.6,0.0
JUN,2009,9163.8,0.0
JUN,2010,9485.3,0.0
JUN,2011,8669.4,0.0
JUN,2012,9029.9,0.0
JUN,2013,9220.7,0.0
JUN,2014,8924.5,0.0
JUN,2015,8639.2,0.0
JUN,2016,8894.6,0.0
JUN,2017,8917.2,0.0
JUN,2018,8643.8,0.0
JUN,2019,8800.1,0.0
JUN,2020,8566.4,0.0
JUN,2021,9129.0,0.0
JUN,2022,8541.8,0.0
JUN,2023,8689.0,0.0
JUN,2024,8614.2,0.0
KLO,2000,2964.0,0.10000000000000142
KLO,2001,3193.1,0.1999999999999993
KLO,2002,2959.4,4.600000000000001
KLO,2003,3247.7,25.9
KLO,2004,3210.9,0.0
KLO,2005,3307.5,3.6999999999999993
KLO,2006,3161.3,7.700000000000003
KLO,2007,2943.7,1.8999999999999986
KLO,2008,3120.5,1.1000000000000014
KLO,2009,3139.5,0.1999999999999993
KLO,2010,3474.9,1.2000000000000028
KLO,2011,2901.7,2.299999999999997
KLO,2012,3106.7,1.1999999999999993
KLO,2013,3322.8,8.200000000000003
KLO,2014,2757.8,2.200000000000003
KLO,2015,2980.5,28.1
KLO,2016,3110.3,1.3000000000000043
KLO,2017,3065.6,10.400000000000002
KLO,2018,2735.9,19.3
KLO,2019,2932.7,16.099999999999998
KLO,2020,2807.1,5.099999999999998
KLO,2021,3165.6,0.9000000000000057
KLO,2022,2661.6,16.4
KLO,2023,2632.6,15.300000000000004
KLO,2024,2708.4,1.2000000000000028
KOP,2000,3033.2,0.0
KOP,2001,3215.4,0.0
KOP,2002,3062.9,2.0000000000000036
KOP,2003,3261.7,13.500000000000004
KOP,2004,3287.2,0.6000000000000014
KOP,2005,3420.5,1.0999999999999979
KOP,2006,3217.8,2.299999999999997
KOP,2007,3009.2,0.0
KOP,2008,3239.4,0.0
KOP,2009,3204.4,0.6000000000000014
KOP,2010,3541.3,0.8000000000000007
KOP,2011,2958.5,0.0
KOP,2012,3339.6,0.3000000000000007
KOP,2013,3496.3,3.3000000000000007
KOP,2014,2936.0,0.0
KOP,2015,3169.4,13.79999999999999
KOP,2016,3283.2,0.3999999999999986
KOP,2017,3247.3,4.0
KOP,2018,2931.2,4.400000000000002
KOP,2019,3117.4,12.100000000000009
KOP,2020,2962.1,2.200000000000003
KOP,2021,3331.2,0.0
KOP,2022,2798.5,4.400000000000002
KOP,2023,2782.1,8.3
KOP,2024,2871.2,0.3000000000000007
LAC,2015,779.8,0.0
LAC,2016,3027.1,1.2000000000000028
LAC,2017,3051.8,8.599999999999998
LAC,2018,2669.3,21.500000000000007
LAC,2019,2854.0,26.199999999999996
LAC,2020,2726.8,3.8999999999999986
LAC,2021,3118.1,2.799999999999997
LAC,2022,2613.8,18.499999999999996
LAC,2023,2614.5,22.700000000000003
LAC,2024,2692.3,4.800000000000004
LAE,2000,3586.3,0.0
LAE,2001,3896.9,0.0
LAE,2002,3642.1,1.8000000000000007
LAE,2003,3676.6,32.7
LAE,2004,3924.8,0.0
LAE,2005,3936.6,2.1000000000000014
LAE,2006,3709.0,2.5
LAE,2007,3600.7,0.3000000000000007
LAE,2008,3823.5,0.0
LAE,2009,3713.6,1.0
LAE,2010,4182.8,0.3000000000000007
LAE,2011,3456.3,3.1999999999999993
LAE,2012,3855.8,0.7000000000000028
LAE,2013,4092.9,7.699999999999999
LAE,2014,3439.4,2.099999999999998
LAE,2015,3549.1,19.500000000000004
LAE,2016,3743.2,1.6999999999999957
LAE,2017,3683.9,1.1000000000000014
LAE,2018,3363.1,4.699999999999999
LAE,2019,3560.6,15.599999999999998
LAE,2020,3368.0,3.1000000000000014
LAE,2021,3866.2,0.0
LAE,2022,3253.8,8.399999999999999
LAE,2023,3340.6,8.0
LAE,2024,3394.2,0.5
LAG,2000,3502.5,0.0
LAG,2001,3680.5,0.0
LAG,2002,3506.9,0.0
LAG,2003,3576.5,0.0
LAG,2004,3659.0,0.0
LAG,2005,3772.5,0.0
LAG,2006,3626.4,0.0
LAG,2007,3451.4,0.0
LAG,2008,3667.4,0.0
LAG,2009,3587.7,0.0
LAG,2010,3917.0,0.0
LAG,2011,3320.6,0.0
LAG,2012,3699.9,0.0
LAG,2013,3888.7,0.0
LAG,2014,3317.1,0.0
LAG,2015,3486.3,5.399999999999999
LAG,2016,3603.2,0.0
LAG,2017,3638.7,0.3000000000000007
LAG,2018,3241.0,0.10000000000000142
LAG,2019,3472.9,7.300000000000001
LAG,2020,3336.5,0.0
LAG,2021,3732.0,0.0
LAG,2022,3106.2,1.6000000000000014
LAG,2023,3149.6,1.1000000000000014
LAG,2024,3266.8,0.0
LAT,2015,2734.3,0.0
LAT,2016,4541.4,0.0
LAT,2017,4583.2,0.0
LAT,2018,4270.1,0.0
LAT,2019,4465.9,0.0
LAT,2020,4336.7,0.0
LAT,2021,4774.5,0.0
LAT,2022,4183.0,0.0
LAT,2023,4284.2,0.0
LAT,2024,4168.0,0.0
LEI,2000,2855.7,0.8000000000000007
LEI,2001,3087.4,0.0
LEI,2002,2833.7,5.800000000000001
LEI,2003,3102.0,36.9
LEI,2004,3109.6,0.0
LEI,2005,3191.4,4.399999999999999
LEI,2006,3085.8,13.999999999999996
LEI,2007,2828.8,0.8999999999999986
LEI,2008,2959.5,1.1000000000000014
LEI,2009,3022.8,0.3000000000000007
LEI,2010,3385.9,4.199999999999996
LEI,2011,2796.0,5.199999999999999
LEI,2012,3072.5,1.6999999999999993
LEI,2013,3256.3,8.900000000000006
LEI,2014,2665.7,2.099999999999998
LEI,2015,2906.3,32.80000000000001
LEI,2016,3017.2,1.6000000000000014
LEI,2017,3030.8,6.899999999999999
LEI,2018,2665.3,22.2
LEI,2019,2867.0,19.699999999999996
LEI,2020,2732.5,3.8000000000000007
LEI,2021,3130.7,1.8000000000000007
LEI,2022,2604.6,18.999999999999993
LEI,2023,2605.7,11.5
LEI,2024,2676.1,1.5
LUG,2000,2157.4,1.3000000000000007
LUG,2001,2241.8,5.100000000000005
LUG,2002,2105.2,17.300000000000004
LUG,2003,2213.0,107.3
LUG,2004,2324.3,8.0
LUG,2005,2373.9,20.999999999999996
LUG,2006,2211.1,32.500000000000014
LUG,2007,1976.3,15.200000000000003
LUG,2008,2278.0,5.800000000000001
LUG,2009,2197.1,9.3
LUG,2010,2522.2,29.4
LUG,2011,2044.4,16.600000000000005
LUG,2012,2223.7,34.1
LUG,2013,2309.0,34.400000000000006
LUG,2014,1882.7,5.5000000000000036
LUG,2015,2034.5,79.8
LUG,2016,2136.5,11.899999999999995
LUG,2017,2170.3,39.900000000000006
LUG,2018,2027.8,34.300000000000004
LUG,2019,2021.6,61.2
LUG,2020,2051.5,27.299999999999997
LUG,2021,2189.8,20.100000000000005
LUG,2022,1950.0,83.1
LUG,2023,1880.4,49.8
LUG,2024,2000.1,66.89999999999999
LUZ,2000,2903.0,0.0
LUZ,2001,3074.3,1.3000000000000007
LUZ,2002,2887.1,7.700000000000003
LUZ,2003,3130.4,27.900000000000002
LUZ,2004,3136.7,0.0
LUZ,2005,3253.3,4.299999999999997
LUZ,2006,3098.4,9.799999999999997
LUZ,2007,2878.7,1.1000000000000014
LUZ,2008,3113.8,1.0
LUZ,2009,3011.1,1.3999999999999986
LUZ,2010,3373.2,1.8999999999999986
LUZ,2011,2798.4,2.8000000000000007
LUZ,2012,3068.3,1.7000000000000028
LUZ,2013,3263.9,10.100000000000005
LUZ,2014,2678.5,0.10000000000000142
LUZ,2015,2912.8,31.500000000000004
LUZ,2016,3004.8,3.0
LUZ,2017,3003.3,12.300000000000004
LUZ,2018,2669.7,17.799999999999997
LUZ,2019,2835.0,27.4
LUZ,2020,2721.7,2.799999999999997
LUZ,2021,3095.8,1.9999999999999964
LUZ,2022,2589.7,13.200000000000003
LUZ,2023,2637.0,17.8
LUZ,2024,2719.5,1.7999999999999972
MAG,2000,2453.8,0.10000000000000142
MAG,2001,2612.3,1.4999999999999964
MAG,2002,2522.3,13.8
MAG,2003,2568.0,75.2
MAG,2004,2582.1,3.8000000000000007
MAG,2005,2677.7,12.800000000000008
MAG,2006,2619.5,14.900000000000002
MAG,2007,2346.2,1.3000000000000007
MAG,2008,2597.3,2.5
MAG,2009,2489.0,1.3000000000000043
MAG,2010,2750.8,20.9
MAG,2011,2402.9,2.1999999999999957
MAG,2012,2597.3,11.599999999999998
MAG,2013,2624.3,7.899999999999999
MAG,2014,2225.0,1.0
MAG,2015,2460.1,44.5
MAG,2016,2506.1,5.100000000000001
MAG,2017,2577.8,26.000000000000004
MAG,2018,2309.6,26.599999999999994
MAG,2019,2339.7,38.00000000000001
MAG,2020,2423.9,13.299999999999997
MAG,2021,2526.8,8.599999999999998
MAG,2022,2315.0,44.699999999999996
MAG,2023,2180.4,36.89999999999999
MAG,2024,2391.3,39.500000000000014
MAH,2000,2960.8,0.0
MAH,2001,3056.5,1.7999999999999972
MAH,2002,2957.0,1.0999999999999979
MAH,2003,3109.1,9.7
MAH,2004,3058.4,0.0
MAH,2005,3226.2,1.3000000000000007
MAH,2006,3100.0,0.10000000000000142
MAH,2007,2906.3,0.0
MAH,2008,3159.6,0.0
MAH,2009,3065.4,0.1999999999999993
MAH,2010,3397.9,1.1000000000000014
MAH,2011,2887.2,0.3000000000000007
MAH,2012,3029.1,0.7999999999999972
MAH,2013,3294.4,3.3000000000000007
MAH,2014,2751.8,0.0
MAH,2015,2913.0,19.9
MAH,2016,2982.7,0.5
MAH,2017,3048.3,7.799999999999997
MAH,2018,2684.7,4.599999999999998
MAH,2019,2931.2,10.100000000000001
MAH,2020,2769.4,3.0
MAH,2021,3066.4,0.6000000000000014
MAH,2022,2620.0,10.800000000000004
MAH,2023,2598.5,17.2
MAH,2024,2676.6,3.099999999999998
MAR,2015,1174.6,0.0
MAR,2016,3441.2,0.0
MAR,2017,3442.9,0.3999999999999986
MAR,2018,3071.9,0.1999999999999993
MAR,2019,3327.1,8.0
MAR,2020,3146.8,0.0
MAR,2021,3562.9,0.0
MAR,2022,2938.9,5.4999999999999964
MAR,2023,3160.3,10.400000000000002
MAR,2024,3098.4,0.0
MAS,2014,1811.5,0.0
MAS,2015,3327.8,17.200000000000003
MAS,2016,3532.2,0.0
MAS,2017,3511.5,1.7999999999999972
MAS,2018,3077.0,0.8000000000000007
MAS,2019,3309.3,10.700000000000003
MAS,2020,3135.6,1.6000000000000014
MAS,2021,3545.4,0.0
MAS,2022,2971.3,5.600000000000005
MAS,2023,2980.1,8.7
MAS,2024,3068.7,0.10000000000000142
MER,2000,3320.8,0.0
MER,2001,3399.5,2.6000000000000014
MER,2002,3271.5,0.5
MER,2003,3409.1,0.8000000000000007
MER,2004,3530.4,0.0
MER,2005,3722.8,0.0
MER,2006,3452.1,0.0
MER,2007,3285.9,3.3999999999999986
MER,2008,3370.0,0.3000000000000007
MER,2009,3340.0,1.3000000000000007
MER,2010,3626.7,0.0
MER,2011,3266.2,3.1000000000000014
MER,2012,3520.1,0.0
MER,2013,3680.1,7.899999999999999
MER,2014,3111.8,0.0
MER,2015,3428.4,6.800000000000001
MER,2016,3393.1,0.0
MER,2017,3442.9,0.10000000000000142
MER,2018,2970.0,1.6999999999999993
MER,2019,3211.1,5.899999999999999
MER,2020,3180.3,0.0
MER,2021,3491.0,0.0
MER,2022,3050.6,2.1000000000000014
MER,2023,3024.3,0.9000000000000021
MER,2024,3091.5,0.0
MLS,2000,5466.9,0.0
MLS,2001,5609.5,0.0
MLS,2002,5428.9,0.0
MLS,2003,5190.3,0.0
MLS,2004,5706.5,0.0
MLS,2005,5824.3,0.0
MLS,2006,5336.2,0.0
MLS,2007,5439.8,0.0
MLS,2008,5587.3,0.0
MLS,2009,5396.0,0.0
MLS,2010,5902.5,0.0
MLS,2011,4995.7,0.0
MLS,2012,5380.3,0.0
MLS,2013,5589.9,0.0
MLS,2014,5198.2,0.0
MLS,2015,5001.4,0.0
MLS,2016,5316.2,0.0
MLS,2017,5276.1,0.0
MLS,2018,5000.5,0.0
MLS,2019,5127.6,0.0
MLS,2020,4941.5,0.0
MLS,2021,5398.5,0.0
MLS,2022,4714.3,0.0
MLS,2023,4941.8,0.0
MLS,2024,4849.7,0.0
MOA,2012,1107.8,0.0
MOA,2013,3261.4,3.700000000000003
MOA,2014,2909.8,0.10000000000000142
MOA,2015,3105.3,11.300000000000004
MOA,2016,3210.7,0.3999999999999986
MOA,2017,3187.3,3.8000000000000007
MOA,2018,2842.2,8.5
MOA,2019,3063.8,12.200000000000003
MOA,2020,2985.0,0.6000000000000014
MOA,2021,3352.5,0.0
MOA,2022,2733.4,6.300000000000001
MOA,2023,2737.2,4.9999999999999964
MOA,2024,2912.6,0.0
MOB,2017,3275.8,0.0
MOB,2018,3315.8,0.0
MOB,2019,3551.1,0.0
MOB,2020,3432.8,0.0
MOB,2021,3788.7,0.0
MOB,2022,3277.8,0.0
MOB,2023,3382.1,0.3999999999999986
MOB,2024,3368.1,0.0
MOE,2010,1337.4,0.0
MOE,2011,2807.6,5.5
MOE,2012,3009.5,1.1999999999999993
MOE,2013,3260.2,4.599999999999998
MOE,2014,2634.6,0.7000000000000028
MOE,2015,2865.7,27.700000000000006
MOE,2016,3041.1,3.6999999999999993
MOE,2017,2997.3,5.699999999999999
MOE,2018,2676.9,14.400000000000002
MOE,2019,2841.5,18.999999999999996
MOE,2020,2719.3,4.899999999999999
MOE,2021,3125.8,0.3000000000000007
MOE,2022,2581.8,17.3
MOE,2023,2565.6,12.0
MOE,2024,2665.1,3.099999999999998
MTE,2015,2605.0,0.0
MTE,2016,4914.9,0.0
MTE,2017,4817.0,0.0
MTE,2018,4646.4,0.0
MTE,2019,4823.4,0.0
MTE,2020,4657.1,0.0
MTE,2021,5004.2,0.0
MTE,2022,4380.7,0.0
MTE,2023,4546.4,0.0
MTE,2024,4509.2,0.0
MTR,2000,5428.4,0.0
MTR,2001,5831.8,0.0
MTR,2002,5599.4,0.0
MTR,2003,5429.5,0.0
MTR,2004,5886.9,0.0
MTR,2005,6024.3,0.0
MTR,2006,5492.8,0.0
MTR,2007,5450.9,0.0
MTR,2008,5384.2,0.0
MTR,2009,5216.5,0.0
MTR,2010,5541.8,0.0
MTR,2011,5100.2,0.0
MTR,2012,5107.7,0.0
MTR,2013,5351.3,0.0
MTR,2014,5567.9,0.0
MTR,2015,5240.4,0.0
MTR,2016,5610.5,0.0
MTR,2017,5453.3,0.0
MTR,2018,5418.7,0.0
MTR,2019,5490.9,0.0
MTR,2020,5443.3,0.0
MTR,2021,5808.9,0.0
MTR,2022,5196.6,0.0
MTR,2023,5021.0,0.0
MTR,2024,5030.8,0.0
MUB,2000,3050.8,0.0
MUB,2001,3207.9,0.0
MUB,2002,3063.9,1.3000000000000007
MUB,2003,3216.1,14.000000000000007
MUB,2004,3247.9,0.0
MUB,2005,3377.8,0.6000000000000014
MUB,2006,3168.3,1.6999999999999993
MUB,2007,3010.9,0.0
MUB,2008,3234.8,0.0
MUB,2009,3144.7,0.0
MUB,2010,3463.7,1.5
MUB,2011,2895.5,0.8000000000000007
MUB,2012,3168.3,0.10000000000000142
MUB,2013,3407.0,2.5
MUB,2014,2828.9,0.0
MUB,2015,3035.1,14.399999999999999
MUB,2016,3177.4,0.0
MUB,2017,3105.5,4.599999999999998
MUB,2018,2784.4,5.300000000000004
MUB,2019,2973.3,12.5
MUB,2020,2838.5,0.8000000000000007
MUB,2021,3186.5,0.0
MUB,2022,2693.5,6.199999999999996
MUB,2023,2692.8,11.0
MUB,2024,2826.1,0.10000000000000142
MVE,2000,4262.1,0.0
MVE,2001,4406.1,0.0
MVE,2002,4243.7,0.0
MVE,2003,4121.2,0.0
MVE,2004,4416.0,0.0
MVE,2005,4617.7,0.0
MVE,2006,4186.3,0.0
MVE,2007,4220.9,0.0
MVE,2008,4390.6,0.0
MVE,2009,4292.4,0.0
MVE,2010,4721.4,0.0
MVE,2011,3917.2,0.0
MVE,2012,4309.4,0.0
MVE,2013,4449.7,0.0
MVE,2014,4027.7,0.0
MVE,2015,3952.5,0.0
MVE,2016,4210.7,0.0
MVE,2017,4162.8,0.0
MVE,2018,3863.4,0.0
MVE,2019,4095.3,0.3999999999999986
MVE,2020,3903.2,0.0
MVE,2021,4334.3,0.0
MVE,2022,3672.7,0.0
MVE,2023,3897.1,0.0
MVE,2024,3849.1,0.0
NAP,2000,4417.9,0.0
NAP,2001,4712.3,0.0
NAP,2002,4421.5,0.0
NAP,2003,4301.0,0.5
NAP,2004,4723.6,0.0
NAP,2005,4782.4,0.0
NAP,2006,4343.3,0.0
NAP,2007,4461.0,0.0
NAP,2008,4627.3,0.0
NAP,2009,4562.5,0.0
NAP,2010,5031.6,0.0
NAP,2011,4092.2,0.0
NAP,2012,4568.9,0.0
NAP,2013,4736.9,0.0
NAP,2014,4204.1,0.0
NAP,2015,4180.1,0.3000000000000007
NAP,2016,4389.1,0.0
NAP,2017,4335.2,0.0
NAP,2018,4062.5,0.0
NAP,2019,4257.9,1.7000000000000028
NAP,2020,4064.2,0.0
NAP,2021,4557.3,0.0
NAP,2022,3846.1,0.0
NAP,2023,4054.8,0.0
NAP,2024,3943.8,0.0
NAS,2000,6057.3,0.0
NAS,2001,6467.9,0.0
NAS,2002,6044.2,0.0
NAS,2003,6117.8,0.0
NAS,2004,6491.9,0.0
NAS,2005,6300.2,0.0
NAS,2006,6147.5,0.0
NAS,2007,6122.2,0.0
NAS,2008,6308.7,0.0
NAS,2009,6378.2,0.0
NAS,2010,6000.1,0.0
NAS,2011,5880.3,0.0
NAS,2012,6249.1,0.0
NAS,2013,6360.4,0.0
NAS,2014,6056.3,0.0
NAS,2015,5582.6,0.0
NAS,2016,6175.1,0.0
NAS,2017,5949.3,0.0
NAS,2018,5894.5,0.0
NAS,2019,5761.2,0.0
NAS,2020,5751.8,0.0
NAS,2021,6322.9,0.0
NAS,2022,5716.7,0.0
NAS,2023,5310.0,0.0
NAS,2024,5698.2,0.0
NEU,2000,2729.7,0.5
NEU,2001,2929.5,1.5
NEU,2002,2731.4,8.2
NEU,2003,2958.1,57.50000000000001
NEU,2004,2973.6,0.8000000000000007
NEU,2005,3097.6,6.100000000000001
NEU,2006,2926.0,15.2
NEU,2007,2726.1,0.0
NEU,2008,2976.1,1.5
NEU,2009,2814.1,4.5
NEU,2010,3188.3,5.900000000000002
NEU,2011,2606.6,4.9999999999999964
NEU,2012,2894.6,5.199999999999999
NEU,2013,3127.1,12.199999999999996
NEU,2014,2529.8,0.0
NEU,2015,2700.2,48.999999999999986
NEU,2016,2871.1,7.400000000000002
NEU,2017,2799.7,20.8
NEU,2018,2570.7,19.7
NEU,2019,2736.3,30.900000000000002
NEU,2020,2573.7,10.499999999999993
NEU,2021,2919.3,0.5
NEU,2022,2422.2,36.6
NEU,2023,2445.1,30.4
NEU,2024,2580.4,5.799999999999997
OBR,2015,1413.6,22.799999999999997
OBR,2016,3076.2,0.5
OBR,2017,3139.0,9.300000000000004
OBR,2018,2719.9,7.800000000000004
OBR,2019,2906.0,16.400000000000002
OBR,2020,2858.8,4.800000000000001
OBR,2021,3177.8,2.5
OBR,2022,2730.9,13.0
OBR,2023,2682.8,13.299999999999994
OBR,2024,2717.5,4.100000000000005
ORO,2012,3330.3,2.200000000000003
ORO,2013,3743.2,2.299999999999997
ORO,2014,3054.5,0.0
ORO,2015,3288.6,22.5
ORO,2016,3488.4,0.20000000000000284
ORO,2017,3432.2,2.3999999999999986
ORO,2018,3150.4,0.8000000000000007
ORO,2019,3314.1,13.100000000000001
ORO,2020,3108.7,3.099999999999998
ORO,2021,3564.6,0.0
ORO,2022,2933.1,9.900000000000002
ORO,2023,3041.8,14.099999999999998
ORO,2024,3120.5,0.6999999999999993
OTL,2000,2183.7,1.3000000000000007
OTL,2001,2305.3,8.900000000000006
OTL,2002,2205.6,14.999999999999996
OTL,2003,2302.8,131.5
OTL,2004,2346.0,12.2
OTL,2005,2417.9,19.0
OTL,2006,2258.3,38.8
OTL,2007,1974.4,13.600000000000001
OTL,2008,2310.6,6.400000000000002
OTL,2009,2245.3,8.400000000000002
OTL,2010,2601.0,27.100000000000005
OTL,2011,2049.7,13.300000000000004
OTL,2012,2248.3,28.100000000000005
OTL,2013,2341.8,28.599999999999994
OTL,2014,1938.3,7.100000000000001
OTL,2015,2010.3,84.30000000000001
OTL,2016,2155.7,11.900000000000002
OTL,2017,2145.7,40.900000000000006
OTL,2018,2091.7,50.999999999999986
OTL,2019,2024.7,56.3
OTL,2020,2027.7,32.30000000000001
OTL,2021,2236.8,19.9
OTL,2022,1931.8,73.39999999999999
OTL,2023,1880.2,49.599999999999994
OTL,2024,2005.1,72.20000000000002
PAY,2000,2965.4,0.0
PAY,2001,3108.2,0.0
PAY,2002,2953.3,3.1999999999999993
PAY,2003,3198.8,30.199999999999992
PAY,2004,3240.4,0.0
PAY,2005,3353.5,2.6000000000000014
PAY,2006,3165.4,7.099999999999998
PAY,2007,2992.0,0.3999999999999986
PAY,2008,3227.7,0.1999999999999993
PAY,2009,3123.4,1.0
PAY,2010,3433.1,2.4000000000000057
PAY,2011,2886.2,1.0
PAY,2012,3111.6,2.5000000000000036
PAY,2013,3373.5,4.899999999999999
PAY,2014,2789.0,0.0
PAY,2015,3010.2,27.7
PAY,2016,3125.4,1.1999999999999993
PAY,2017,3050.1,10.800000000000004
PAY,2018,2766.7,4.100000000000001
PAY,2019,2943.7,17.2
PAY,2020,2846.2,4.0
PAY,2021,3162.1,0.3999999999999986
PAY,2022,2701.5,15.999999999999993
PAY,2023,2663.4,17.6
PAY,2024,2776.0,1.0
PFA,2022,359.2,0.0
PFA,2023,2883.8,5.300000000000004
PFA,2024,2968.3,0.3999999999999986
PIL,2000,5686.9,0.0
PIL,2001,5900.0,0.0
PIL,2002,5655.9,0.0
PIL,2003,5470.5,0.0
PIL,2004,5975.8,0.0
PIL,2005,6127.5,0.0
PIL,2006,5571.3,0.0
PIL,2007,5657.6,0.0
PIL,2008,5828.8,0.0
PIL,2009,5784.7,0.0
PIL,2010,6268.2,0.0
PIL,2011,5309.6,0.0
PIL,2012,5729.2,0.0
PIL,2013,5894.4,0.0
PIL,2014,5482.1,0.0
PIL,2015,5327.3,0.0
PIL,2016,5643.5,0.0
PIL,2017,5618.5,0.0
PIL,2018,5297.7,0.0
PIL,2019,5456.0,0.0
PIL,2020,5322.8,0.0
PIL,2021,5784.4,0.0
PIL,2022,5133.6,0.0
PIL,2023,5302.8,0.0
PIL,2024,5176.1,0.0
PIO,2000,3682.1,0.0
PIO,2001,3751.0,0.0
PIO,2002,3601.8,0.0
PIO,2003,3598.6,0.6000000000000014
PIO,2004,3650.9,0.0
PIO,2005,3789.3,0.0
PIO,2006,3689.8,0.5
PIO,2007,3444.1,0.0
PIO,2008,3747.3,0.0
PIO,2009,3623.2,0.0
PIO,2010,4098.5,0.0
PIO,2011,3464.1,0.0
PIO,2012,3626.8,0.0
PIO,2013,3759.6,0.0
PIO,2014,3490.0,0.0
PIO,2015,3533.8,0.0
PIO,2016,3601.3,0.0
PIO,2017,3564.3,0.0
PIO,2018,3401.2,0.20000000000000284
PIO,2019,3472.3,4.600000000000001
PIO,2020,3487.8,0.0
PIO,2021,3681.2,0.0
PIO,2022,3158.9,0.0
PIO,2023,3196.4,1.1000000000000014
PIO,2024,3363.9,0.0
PLF,2000,3755.3,0.0
PLF,2001,4049.1,0.0
PLF,2002,3820.8,0.0
PLF,2003,3831.0,0.6999999999999993
PLF,2004,4067.9,0.0
PLF,2005,4191.6,0.0
PLF,2006,3828.7,0.0
PLF,2007,3824.3,0.0
PLF,2008,4015.5,0.0
PLF,2009,3911.8,0.0
PLF,2010,4363.2,0.0
PLF,2011,3523.8,0.0
PLF,2012,3891.0,0.0
PLF,2013,4140.8,0.0
PLF,2014,3576.9,0.0
PLF,2015,3569.6,5.300000000000001
PLF,2016,3769.0,0.0
PLF,2017,3734.2,0.3999999999999986
PLF,2018,3498.5,0.0
PLF,2019,3652.7,6.600000000000001
PLF,2020,3449.1,0.1999999999999993
PLF,2021,3911.8,0.0
PLF,2022,3242.3,1.5
PLF,2023,3377.2,2.299999999999997
PLF,2024,3418.7,0.0
PMA,2000,6924.1,0.0
PMA,2001,7018.5,0.0
PMA,2002,7121.7,0.0
PMA,2003,7222.6,0.0
PMA,2004,7440.5,0.0
PMA,2005,7150.8,0.0
PMA,2006,6208.2,0.0
PMA,2007,6734.8,0.0
PMA,2008,6419.3,0.0
PMA,2009,6323.2,0.0
PMA,2010,7335.8,0.0
PMA,2011,4690.9,0.0
PMA,2012,6892.8,0.0
PMA,2013,6876.4,0.0
PMA,2014,6790.8,0.0
PMA,2015,6454.1,0.0
PMA,2016,6721.7,0.0
PMA,2017,6497.9,0.0
PMA,2018,5663.7,0.0
PMA,2019,6559.1,0.0
PMA,2020,6600.0,0.0
PMA,2021,7040.3,0.0
PMA,2022,6425.6,0.0
PMA,2023,6511.8,0.0
PMA,2024,6446.3,0.0
PSI,2000,2852.2,0.10000000000000142
PSI,2001,3071.3,0.0
PSI,2002,2867.4,4.299999999999997
PSI,2003,3115.6,31.99999999999999
PSI,2004,3118.3,0.0
PSI,2005,3200.2,2.1000000000000014
PSI,2006,3106.2,8.399999999999999
PSI,2007,2902.8,0.1999999999999993
PSI,2008,3077.1,0.3999999999999986
PSI,2009,3025.8,0.0
PSI,2010,3363.3,1.2999999999999972
PSI,2011,2795.3,2.8999999999999986
PSI,2012,3023.9,0.5
PSI,2013,3228.8,6.300000000000001
PSI,2014,2654.6,1.1000000000000014
PSI,2015,2865.2,31.799999999999997
PSI,2016,2983.5,2.700000000000003
PSI,2017,2978.5,8.8
PSI,2018,2650.5,20.2
PSI,2019,2886.4,16.599999999999998
PSI,2020,2746.5,2.299999999999997
PSI,2021,3134.7,2.0
PSI,2022,2613.0,16.099999999999998
PSI,2023,2600.1,11.600000000000005
PSI,2024,2700.3,1.1000000000000014
PUY,2000,2451.2,3.3000000000000007
PUY,2001,2757.0,2.0
PUY,2002,2540.9,11.699999999999996
PUY,2003,2732.1,69.9
PUY,2004,2740.6,2.1999999999999993
PUY,2005,2885.0,11.600000000000001
PUY,2006,2658.7,21.60000000000001
PUY,2007,2481.8,2.1999999999999993
PUY,2008,2716.8,3.3000000000000007
PUY,2009,2609.7,9.100000000000001
PUY,2010,2962.8,12.399999999999995
PUY,2011,2300.7,8.200000000000006
PUY,2012,2669.6,10.500000000000007
PUY,2013,2959.4,11.2
PUY,2014,2329.8,0.1999999999999993
PUY,2015,2524.7,56.10000000000001
PUY,2016,2677.8,6.300000000000001
PUY,2017,2674.2,22.500000000000007
PUY,2018,2394.9,22.899999999999995
PUY,2019,2533.4,30.399999999999995
PUY,2020,2359.4,14.399999999999999
PUY,2021,2696.2,1.9000000000000021
PUY,2022,2249.7,47.0
PUY,2023,2302.4,44.5
PUY,2024,2381.1,10.200000000000003
RAG,2000,2759.7,6.399999999999999
RAG,2001,2990.6,6.800000000000001
RAG,2002,2700.6,9.3
RAG,2003,2961.2,48.7
RAG,2004,3102.8,0.10000000000000142
RAG,2005,3249.0,10.399999999999999
RAG,2006,3001.2,16.2
RAG,2007,2812.7,8.2
RAG,2008,2872.7,5.399999999999995
RAG,2009,2863.0,7.0000000000000036
RAG,2010,3194.0,11.400000000000006
RAG,2011,2669.4,18.599999999999994
RAG,2012,2683.1,8.600000000000001
RAG,2013,3134.8,16.299999999999997
RAG,2014,2521.2,3.1999999999999993
RAG,2015,2880.7,31.200000000000003
RAG,2016,2889.9,1.1000000000000014
RAG,2017,2988.2,11.900000000000002
RAG,2018,2502.8,10.0
RAG,2019,2728.0,25.500000000000004
RAG,2020,2672.3,2.8999999999999986
RAG,2021,3035.9,3.8999999999999986
RAG,2022,2542.0,18.199999999999996
RAG,2023,2565.8,21.100000000000005
RAG,2024,2561.3,9.600000000000001
REH,2000,2967.5,0.20000000000000284
REH,2001,3171.7,0.3000000000000007
REH,2002,2912.4,6.0
REH,2003,3212.3,25.3
REH,2004,3169.4,0.0
REH,2005,3222.9,4.299999999999997
REH,2006,3044.6,7.0000000000000036
REH,2007,2921.9,2.8000000000000007
REH,2008,3177.2,1.3000000000000007
REH,2009,3119.4,0.3000000000000007
REH,2010,3448.8,1.4000000000000021
REH,2011,2885.1,2.1999999999999993
REH,2012,3137.4,0.8999999999999986
REH,2013,3329.5,9.0
REH,2014,2737.6,3.099999999999998
REH,2015,2961.0,27.8
REH,2016,3076.6,1.9000000000000021
REH,2017,3035.4,9.600000000000001
REH,2018,2731.7,17.3
REH,2019,2922.2,20.2
REH,2020,2788.9,5.700000000000003
REH,2021,3169.8,0.8000000000000007
REH,2022,2661.6,13.2
REH,2023,2651.1,13.400000000000002
REH,2024,2752.9,1.1000000000000014
ROB,2000,3812.6,0.0
ROB,2001,3984.1,0.0
ROB,2002,3755.1,0.0
ROB,2003,3789.8,0.10000000000000142
ROB,2004,3888.0,0.0
ROB,2005,4051.4,0.0
ROB,2006,3917.2,0.0
ROB,2007,3604.8,0.0
ROB,2008,3905.5,0.0
ROB,2009,3769.8,0.0
ROB,2010,4132.7,0.0
ROB,2011,3574.0,0.0
ROB,2012,3691.1,0.0
ROB,2013,3833.7,0.0
ROB,2014,3570.9,0.0
ROB,2015,3521.0,0.0
ROB,2016,3692.9,0.0
ROB,2017,3680.0,0.0
ROB,2018,3496.8,0.0
ROB,2019,3543.5,2.799999999999997
ROB,2020,3660.6,0.0
ROB,2021,3916.8,0.0
ROB,2022,3320.5,0.0
ROB,2023,3371.6,0.0
ROB,2024,3418.1,0.0
ROE,2000,5379.1,0.0
ROE,2001,5420.8,0.0
ROE,2002,5245.9,0.0
ROE,2003,5193.8,0.0
ROE,2004,5457.3,0.0
ROE,2005,5491.3,0.0
ROE,2006,5257.7,0.0
ROE,2007,5032.1,0.0
ROE,2008,5362.2,0.0
ROE,2009,5318.6,0.0
ROE,2010,5747.6,0.0
ROE,2011,4930.9,0.0
ROE,2012,5210.0,0.0
ROE,2013,5374.5,0.0
ROE,2014,5035.0,0.0
ROE,2015,4795.5,0.0
ROE,2016,5125.8,0.0
ROE,2017,5044.1,0.0
ROE,2018,4997.0,0.0
ROE,2019,5045.3,0.0
ROE,2020,4979.2,0.0
ROE,2021,5276.5,0.0
ROE,2022,4648.4,0.0
ROE,2023,4734.6,0.0
ROE,2024,4716.8,0.0
RUE,2000,2974.1,0.8999999999999986
RUE,2001,3257.6,0.5
RUE,2002,3034.1,4.5
RUE,2003,3259.1,51.0
RUE,2004,3376.7,0.0
RUE,2005,3406.7,4.900000000000002
RUE,2006,3226.3,12.100000000000001
RUE,2007,3066.9,2.4999999999999964
RUE,2008,3280.1,0.3000000000000007
RUE,2009,3203.7,2.1999999999999993
RUE,2010,3622.3,4.300000000000001
RUE,2011,2861.4,8.099999999999998
RUE,2012,3205.1,5.300000000000001
RUE,2013,3469.2,12.600000000000001
RUE,2014,2797.4,3.1000000000000014
RUE,2015,2976.4,37.7
RUE,2016,3214.7,6.399999999999999
RUE,2017,3142.1,10.0
RUE,2018,2860.1,19.900000000000002
RUE,2019,3009.3,27.199999999999996
RUE,2020,2800.5,10.800000000000004
RUE,2021,3263.2,0.5
RUE,2022,2675.4,21.799999999999997
RUE,2023,2715.8,12.7
RUE,2024,2850.2,2.6000000000000014
SAE,2000,6811.4,0.0
SAE,2001,6960.4,0.0
SAE,2002,6723.6,0.0
SAE,2003,6587.4,0.0
SAE,2004,7070.6,0.0
SAE,2005,7163.4,0.0
SAE,2006,6647.9,0.0
SAE,2007,6747.2,0.0
SAE,2008,6912.2,0.0
SAE,2009,6910.1,0.0
SAE,2010,7329.1,0.0
SAE,2011,6442.0,0.0
SAE,2012,6819.0,0.0
SAE,2013,6942.5,0.0
SAE,2014,6591.8,0.0
SAE,2015,6489.2,0.0
SAE,2016,6805.1,0.0
SAE,2017,6766.8,0.0
SAE,2018,6431.9,0.0
SAE,2019,6593.5,0.0
SAE,2020,6468.1,0.0
SAE,2021,6904.8,0.0
SAE,2022,6310.3,0.0
SAE,2023,6436.2,0.0
SAE,2024,6258.3,0.0
SAG,2013,1077.6,0.0
SAG,2014,3360.1,0.0
SAG,2015,3517.9,4.0
SAG,2016,3574.4,0.0
SAG,2017,3637.7,0.0
SAG,2018,3245.5,0.1999999999999993
SAG,2019,3463.6,2.1000000000000014
SAG,2020,3357.3,0.0
SAG,2021,3789.9,0.0
SAG,2022,3214.0,1.3000000000000007
SAG,2023,3220.7,0.3000000000000007
SAG,2024,3252.5,0.0
SAM,2000,5693.2,0.0
SAM,2001,5730.7,0.0
SAM,2002,5475.8,0.0
SAM,2003,5636.5,0.0
SAM,2004,5753.3,0.0
SAM,2005,5996.3,0.0
SAM,2006,5634.1,0.0
SAM,2007,5542.9,0.0
SAM,2008,5718.5,0.0
SAM,2009,5743.8,0.0
SAM,2010,6009.8,0.0
SAM,2011,5512.9,0.0
SAM,2012,5713.1,0.0
SAM,2013,5795.7,0.0
SAM,2014,5388.7,0.0
SAM,2015,5320.4,0.0
SAM,2016,5557.1,0.0
SAM,2017,5589.4,0.0
SAM,2018,5387.0,0.0
SAM,2019,5545.8,0.0
SAM,2020,5480.6,0.0
SAM,2021,5928.8,0.0
SAM,2022,5294.4,0.0
SAM,2023,5170.1,0.0
SAM,2024,5204.8,0.0
SBE,2000,5035.0,0.0
SBE,2001,5159.1,0.0
SBE,2002,4850.1,0.0
SBE,2003,4888.0,0.0
SBE,2004,5113.1,0.0
SBE,2005,5279.0,0.0
SBE,2006,4961.2,0.0
SBE,2007,4825.9,0.0
SBE,2008,5060.1,0.0
SBE,2009,4976.7,0.0
SBE,2010,5389.7,0.0
SBE,2011,4669.0,0.0
SBE,2012,4959.5,0.0
SBE,2013,5046.3,0.0
SBE,2014,4871.3,0.0
SBE,2015,4621.8,0.0
SBE,2016,4817.9,0.0
SBE,2017,4806.7,0.0
SBE,2018,4693.7,0.0
SBE,2019,4825.5,0.0
SBE,2020,4794.8,0.0
SBE,2021,5095.2,0.0
SBE,2022,4525.2,0.0
SBE,2023,4568.9,0.0
SBE,2024,4620.9,0.0
SBO,2000,2584.3,0.0
SBO,2001,2720.7,2.599999999999998
SBO,2002,2488.3,12.799999999999997
SBO,2003,2691.7,39.2
SBO,2004,2770.7,3.3000000000000007
SBO,2005,2841.1,9.399999999999999
SBO,2006,2637.5,15.700000000000003
SBO,2007,2334.4,5.300000000000001
SBO,2008,2595.6,1.1999999999999993
SBO,2009,2592.0,1.8999999999999986
SBO,2010,2888.3,16.899999999999988
SBO,2011,2523.6,3.099999999999998
SBO,2012,2653.8,10.600000000000001
SBO,2013,2705.5,13.400000000000002
SBO,2014,2247.2,2.3000000000000007
SBO,2015,2527.1,43.900000000000006
SBO,2016,2598.5,2.3999999999999986
SBO,2017,2616.3,20.599999999999998
SBO,2018,2376.7,15.500000000000004
SBO,2019,2414.8,40.49999999999999
SBO,2020,2510.5,10.3
SBO,2021,2620.4,6.5
SBO,2022,2385.6,55.80000000000001
SBO,2023,2255.1,31.4
SBO,2024,2375.7,38.000000000000014
SCU,2000,4417.3,0.0
SCU,2001,4600.4,0.0
SCU,2002,4287.6,0.0
SCU,2003,4305.6,0.0
SCU,2004,4549.3,0.0
SCU,2005,4764.0,0.0
SCU,2006,4464.2,0.0
SCU,2007,4291.5,0.0
SCU,2008,4490.5,0.0
SCU,2009,4422.4,0.0
SCU,2010,4732.9,0.0
SCU,2011,4141.4,0.0
SCU,2012,4460.4,0.0
SCU,2013,4486.8,0.0
SCU,2014,4135.1,0.0
SCU,2015,4142.7,0.0
SCU,2016,4345.1,0.0
SCU,2017,4382.4,0.0
SCU,2018,4078.7,0.0
SCU,2019,4388.6,0.0
SCU,2020,4227.7,0.0
SCU,2021,4584.1,0.0
SCU,2022,4004.6,0.0
SCU,2023,4023.4,0.0
SCU,2024,4012.6,0.0
SHA,2000,2863.2,0.5
SHA,2001,3203.4,0.3999999999999986
SHA,2002,2943.1,6.099999999999998
SHA,2003,3207.5,35.5
SHA,2004,3186.8,0.0
SHA,2005,3249.1,3.900000000000002
SHA,2006,3116.4,13.5
SHA,2007,2911.8,0.8000000000000007
SHA,2008,3162.0,1.0999999999999979
SHA,2009,3123.7,0.5
SHA,2010,3475.7,5.100000000000001
SHA,2011,2880.9,4.800000000000001
SHA,2012,3125.9,1.3999999999999986
SHA,2013,3347.5,9.200000000000003
SHA,2014,2717.5,2.1999999999999993
SHA,2015,2958.8,32.7
SHA,2016,3096.3,2.099999999999998
SHA,2017,3085.9,11.0
SHA,2018,2726.7,19.800000000000008
SHA,2019,2925.5,24.3
SHA,2020,2830.0,5.599999999999998
SHA,2021,3199.4,1.7999999999999972
SHA,2022,2692.9,20.900000000000006
SHA,2023,2687.3,20.599999999999994
SHA,2024,2764.0,2.900000000000002
SIA,2000,5693.7,0.0
SIA,2001,5680.5,0.0
SIA,2002,5447.9,0.0
SIA,2003,5495.2,0.0
SIA,2004,5682.0,0.0
SIA,2005,5851.8,0.0
SIA,2006,5626.8,0.0
SIA,2007,5381.8,0.0
SIA,2008,5640.0,0.0
SIA,2009,5559.6,0.0
SIA,2010,5920.8,0.0
SIA,2011,5284.7,0.0
SIA,2012,5485.9,0.0
SIA,2013,5662.2,0.0
SIA,2014,5445.4,0.0
SIA,2015,5264.4,0.0
SIA,2016,5513.6,0.0
SIA,2017,5512.0,0.0
SIA,2018,5359.0,0.0
SIA,2019,5458.5,0.0
SIA,2020,5418.3,0.0
SIA,2021,5778.6,0.0
SIA,2022,5187.7,0.0
SIA,2023,5082.0,0.0
SIA,2024,5170.4,0.0
SIM,2016,943.6,0.0
SIM,2017,3928.7,0.0
SIM,2018,3916.1,0.0
SIM,2019,3926.2,3.8999999999999986
SIM,2020,3882.8,0.0
SIM,2021,4181.6,0.0
SIM,2022,3595.8,0.0
SIM,2023,3683.9,0.8000000000000007
SIM,2024,3753.4,0.0
SIO,2000,2839.7,2.1000000000000014
SIO,2001,2978.0,2.6999999999999993
SIO,2002,2768.7,10.699999999999996
SIO,2003,2874.8,36.400000000000006
SIO,2004,2977.9,2.6999999999999993
SIO,2005,3228.5,10.600000000000009
SIO,2006,2981.6,11.399999999999999
SIO,2007,2779.0,3.0
SIO,2008,2867.6,3.099999999999998
SIO,2009,2910.5,6.200000000000003
SIO,2010,3103.3,6.800000000000001
SIO,2011,2661.4,10.399999999999999
SIO,2012,2848.8,13.999999999999993
SIO,2013,3026.5,19.299999999999997
SIO,2014,2455.7,4.300000000000004
SIO,2015,2748.3,53.599999999999994
SIO,2016,2808.2,15.599999999999998
SIO,2017,2832.1,33.2
SIO,2018,2467.0,30.5
SIO,2019,2637.3,38.7
SIO,2020,2621.2,5.400000000000002
SIO,2021,2984.3,3.3999999999999986
SIO,2022,2566.6,42.900000000000006
SIO,2023,2655.0,28.099999999999998
SIO,2024,2617.4,8.599999999999998
SMA,2000,2908.8,0.8000000000000007
SMA,2001,3162.5,0.10000000000000142
SMA,2002,2894.2,6.799999999999997
SMA,2003,3192.7,36.0
SMA,2004,3241.1,0.0
SMA,2005,3322.5,4.399999999999999
SMA,2006,3204.2,8.5
SMA,2007,2981.9,2.1999999999999993
SMA,2008,3186.9,1.6999999999999993
SMA,2009,3107.7,1.3000000000000007
SMA,2010,3500.1,2.6999999999999957
SMA,2011,2864.8,4.199999999999996
SMA,2012,3166.3,2.1999999999999993
SMA,2013,3416.1,11.3
SMA,2014,2769.6,2.8999999999999986
SMA,2015,2973.2,32.89999999999999
SMA,2016,3132.6,2.1000000000000014
SMA,2017,3084.2,12.5
SMA,2018,2775.4,15.8
SMA,2019,2941.7,22.500000000000004
SMA,2020,2792.2,5.800000000000001
SMA,2021,3175.6,1.1000000000000014
SMA,2022,2647.8,17.8
SMA,2023,2674.8,17.7
SMA,2024,2776.0,1.7999999999999972
SMM,2000,4229.0,0.0
SMM,2001,4405.7,0.0
SMM,2002,4159.3,0.0
SMM,2003,4227.3,0.0
SMM,2004,4390.6,0.0
SMM,2005,4531.7,0.0
SMM,2006,4302.9,0.0
SMM,2007,4072.0,0.0
SMM,2008,4376.6,0.0
SMM,2009,4358.3,0.0
SMM,2010,4704.1,0.0
SMM,2011,4048.4,0.0
SMM,2012,4209.5,0.0
SMM,2013,4306.8,0.0
SMM,2014,4058.7,0.0
SMM,2015,3925.3,0.0
SMM,2016,4138.4,0.0
SMM,2017,4111.1,0.0
SMM,2018,4000.4,0.0
SMM,2019,4126.9,1.1999999999999993
SMM,2020,4050.2,0.0
SMM,2021,4358.1,0.0
SMM,2022,3793.6,0.0
SMM,2023,3836.4,0.0
SMM,2024,3812.2,0.0
SPF,2010,1558.0,0.0
SPF,2011,3472.3,0.0
SPF,2012,3734.9,0.0
SPF,2013,3906.8,0.6999999999999993
SPF,2014,3357.5,0.0
SPF,2015,3423.1,7.399999999999999
SPF,2016,3642.6,0.0
SPF,2017,3609.2,2.0000000000000036
SPF,2018,3294.4,0.0
SPF,2019,3503.8,3.6000000000000014
SPF,2020,3364.6,0.0
SPF,2021,3767.1,0.0
SPF,2022,3163.5,0.8999999999999986
SPF,2023,3171.0,1.1000000000000014
SPF,2024,3284.1,0.0
SRS,2014,3334.9,0.0
SRS,2015,3607.4,3.0
SRS,2016,3648.8,0.0
SRS,2017,3743.1,0.10000000000000142
SRS,2018,3328.5,0.7000000000000028
SRS,2019,3570.8,1.8999999999999986
SRS,2020,3530.3,0.0
SRS,2021,3891.5,0.0
SRS,2022,3374.9,0.0
SRS,2023,3305.2,0.6999999999999993
SRS,2024,3372.1,0.0
STC,2000,2858.9,0.0
STC,2001,3189.4,0.0
STC,2002,2968.1,2.299999999999997
STC,2003,3103.8,29.599999999999998
STC,2004,3339.3,0.0
STC,2005,3288.0,0.6000000000000014
STC,2006,3239.8,3.799999999999997
STC,2007,2966.4,0.0
STC,2008,3221.5,0.0
STC,2009,3156.0,0.6999999999999993
STC,2010,3095.7,0.10000000000000142
STG,2000,3253.3,0.8000000000000007
STG,2001,3564.2,0.0
STG,2002,3319.9,2.5000000000000036
STG,2003,3477.5,18.299999999999997
STG,2004,3641.6,0.0
STG,2005,3713.2,1.6000000000000014
STG,2006,3490.6,3.099999999999998
STG,2007,3340.9,2.8000000000000007
STG,2008,3515.8,0.3000000000000007
STG,2009,3432.9,0.5
STG,2010,3876.8,0.8000000000000007
STG,2011,3191.5,1.3999999999999986
STG,2012,3511.1,1.3000000000000007
STG,2013,3771.4,9.8
STG,2014,3112.3,0.8999999999999986
STG,2015,3254.1,19.1
STG,2016,3404.5,0.0
STG,2017,3408.2,5.0000000000000036
STG,2018,3084.6,1.6999999999999993
STG,2019,3264.6,13.500000000000004
STG,2020,3130.2,1.3999999999999986
STG,2021,3578.6,0.0
STG,2022,2976.5,7.700000000000003
STG,2023,3001.4,5.900000000000002
STG,2024,3032.2,0.0
TAE,2000,3135.0,0.3999999999999986
TAE,2001,3375.2,0.0
TAE,2002,3198.6,2.3000000000000007
TAE,2003,3485.1,6.0
TAE,2004,3431.8,0.0
TAE,2005,3503.9,0.8000000000000007
TAE,2006,3378.2,3.6999999999999993
TAE,2007,3215.9,0.10000000000000142
TAE,2008,3373.4,0.6999999999999993
TAE,2009,3301.5,0.0
TAE,2010,3663.2,1.0
TAE,2011,3135.3,0.0
TAE,2012,3329.0,0.3000000000000007
TAE,2013,3573.4,3.0
TAE,2014,2972.8,1.1000000000000014
TAE,2015,3187.5,15.699999999999996
TAE,2016,3296.1,1.1999999999999993
TAE,2017,3236.4,8.600000000000001
TAE,2018,2911.3,5.0
TAE,2019,3116.4,11.399999999999999
TAE,2020,2984.7,2.0
TAE,2021,3345.4,0.3999999999999986
TAE,2022,2843.2,8.5
TAE,2023,2812.1,4.800000000000001
TAE,2024,2911.2,0.6000000000000014
THU,2012,182.0,0.0
THU,2013,3646.5,1.4000000000000021
THU,2014,3059.9,0.0
THU,2015,3277.9,14.600000000000001
THU,2016,3384.4,0.6999999999999993
THU,2017,3350.7,3.700000000000003
THU,2018,2985.6,2.1999999999999993
THU,2019,3195.2,11.8
THU,2020,3088.3,0.6000000000000014
THU,2021,3456.5,0.0
THU,2022,2942.9,5.399999999999999
THU,2023,2976.4,6.299999999999997
THU,2024,3025.1,0.0
TIT,2000,7711.1,0.0
TIT,2001,7323.8,138.8
TIT,2002,7507.8,28.699999999999996
TIT,2003,7727.5,0.0
TIT,2004,7857.7,0.0
TIT,2005,8311.1,0.0
TIT,2006,7356.8,0.0
TIT,2007,7826.1,0.0
TIT,2008,8017.1,0.0
TIT,2009,8001.2,0.0
TIT,2010,8257.1,0.0
TIT,2011,7589.8,0.0
TIT,2012,4417.5,0.0
TIT,2013,5203.4,0.0
TIT,2014,7849.0,0.0
TIT,2015,7606.3,0.0
TIT,2016,7930.2,0.0
TIT,2017,7908.1,0.0
TIT,2018,7579.6,0.0
TIT,2019,7515.9,0.0
TIT,2020,7567.0,0.0
TIT,2021,7493.7,0.0
TIT,2022,7456.4,0.0
TIT,2023,7339.6,0.0
TIT,2024,7460.8,0.0
ULR,2000,5090.5,0.0
ULR,2001,5002.6,0.0
ULR,2002,4962.8,0.0
ULR,2003,5048.1,0.0
ULR,2004,5205.1,0.0
ULR,2005,5391.9,0.0
ULR,2006,5162.2,0.0
ULR,2007,5001.0,0.0
ULR,2008,5101.7,0.0
ULR,2009,5057.7,0.0
ULR,2010,5286.7,0.0
ULR,2011,4748.4,0.0
ULR,2012,5045.7,0.0
ULR,2013,5163.5,0.0
ULR,2014,4655.1,0.0
ULR,2015,4772.2,0.0
ULR,2016,4857.0,0.0
ULR,2017,4870.9,0.0
ULR,2018,4636.5,0.0
ULR,2019,4864.0,0.0
ULR,2020,4663.4,0.0
ULR,2021,5025.8,0.0
ULR,2022,4481.8,0.0
ULR,2023,4504.1,0.0
ULR,2024,4635.4,0.0
VAB,2011,1292.3,0.0
VAB,2012,5071.9,0.0
VAB,2013,4988.3,0.0
VAB,2014,4066.2,0.0
VAB,2015,4639.8,0.0
VAB,2016,4806.8,0.0
VAB,2017,4845.6,0.0
VAB,2018,4596.0,0.0
VAB,2019,4696.5,0.0
VAB,2020,4513.0,0.0
VAB,2021,5056.7,0.0
VAB,2022,4496.5,0.0
VAB,2023,4597.4,0.0
VAB,2024,4476.3,0.0
VAD,2000,2736.5,11.5
VAD,2001,2959.1,7.400000000000002
VAD,2002,2701.4,7.200000000000003
VAD,2003,2971.0,41.400000000000006
VAD,2004,3070.4,1.6999999999999993
VAD,2005,3224.5,7.699999999999999
VAD,2006,3036.9,13.199999999999996
VAD,2007,2827.0,11.099999999999998
VAD,2008,2880.5,5.699999999999999
VAD,2009,2820.0,8.7
VAD,2010,3139.0,14.300000000000004
VAD,2011,2651.6,14.100000000000005
VAD,2012,2866.5,14.399999999999999
VAD,2013,3140.0,25.000000000000007
VAD,2014,2425.2,8.699999999999996
VAD,2015,2814.3,40.999999999999986
VAD,2016,2808.7,4.700000000000003
VAD,2017,2864.7,23.900000000000006
VAD,2018,2453.8,13.2
VAD,2019,2635.3,32.9
VAD,2020,2621.9,6.0000000000000036
VAD,2021,2944.7,7.199999999999999
VAD,2022,2475.5,23.4
VAD,2023,2473.8,33.0
VAD,2024,2490.6,18.4
VEV,2015,907.7,0.0
VEV,2016,2525.6,5.800000000000004
VEV,2017,2551.5,20.500000000000004
VEV,2018,2163.3,23.2
VEV,2019,2366.7,32.5
VEV,2020,2210.4,16.900000000000002
VEV,2021,2561.2,2.1999999999999993
VEV,2022,2114.7,48.8
VEV,2023,2173.9,48.800000000000004
VEV,2024,2216.3,14.799999999999997
VIO,2013,3099.0,0.0
VIO,2014,3505.9,0.0
VIO,2015,3415.9,0.0
VIO,2016,3575.1,0.0
VIO,2017,3573.5,0.0
VIO,2018,3439.8,0.0
VIO,2019,3472.0,4.5
VIO,2020,3521.3,0.0
VIO,2021,3663.0,0.0
VIO,2022,3232.0,0.0
VIO,2023,3247.9,1.3000000000000007
VIO,2024,3335.1,0.0
VIS,2000,3046.5,2.3999999999999986
VIS,2001,3172.7,0.6999999999999993
VIS,2002,2958.0,5.0
VIS,2003,3106.1,6.799999999999997
VIS,2004,3212.2,0.0
VIS,2005,3539.3,5.399999999999995
VIS,2006,3267.2,0.8000000000000007
VIS,2007,3105.7,0.8999999999999986
VIS,2008,3066.3,0.5
VIS,2009,3139.8,1.9000000000000021
VIS,2010,3283.4,0.6000000000000014
VIS,2011,2936.0,4.0000000000000036
VIS,2012,3083.7,3.6000000000000014
VIS,2013,3229.8,9.599999999999998
VIS,2014,2670.8,0.3000000000000007
VIS,2015,3033.1,21.6
VIS,2016,3136.4,2.400000000000002
VIS,2017,3105.7,14.500000000000007
VIS,2018,2701.0,5.0
VIS,2019,2870.1,16.999999999999996
VIS,2020,2895.2,1.8999999999999986
VIS,2021,3155.3,2.6999999999999993
VIS,2022,2780.7,22.999999999999996
VIS,2023,2806.0,10.399999999999999
VIS,2024,2836.2,2.799999999999997
VIT,2014,2231.8,0.0
VIT,2015,3501.8,9.0
VIT,2016,3679.1,0.0
VIT,2017,3658.9,0.6000000000000014
VIT,2018,3362.6,0.10000000000000142
VIT,2019,3553.1,3.599999999999998
VIT,2020,3351.5,0.5
VIT,2021,3763.3,0.0
VIT,2022,3155.3,3.6000000000000014
VIT,2023,3222.5,5.299999999999997
VIT,2024,3278.7,0.0
VLS,2015,2521.9,0.0
VLS,2016,4396.0,0.0
VLS,2017,4487.1,0.0
VLS,2018,4118.1,0.0
VLS,2019,4313.4,0.0
VLS,2020,4293.5,0.0
VLS,2021,4717.7,0.0
VLS,2022,4137.6,0.0
VLS,2023,4101.5,0.0
VLS,2024,4089.8,0.0
WAE,2000,2906.1,0.3000000000000007
WAE,2001,3113.3,1.1000000000000014
WAE,2002,2910.7,6.100000000000001
WAE,2003,3162.3,29.7
WAE,2004,3167.1,0.0
WAE,2005,3268.1,5.5
WAE,2006,3154.6,11.299999999999997
WAE,2007,2888.9,1.8000000000000007
WAE,2008,3107.8,1.6999999999999993
WAE,2009,3023.9,0.5
WAE,2010,3399.2,4.900000000000002
WAE,2011,2776.0,1.8999999999999986
WAE,2012,3073.1,2.8000000000000007
WAE,2013,3284.8,11.600000000000001
WAE,2014,2683.8,2.8000000000000007
WAE,2015,2908.4,29.900000000000002
WAE,2016,2998.6,1.8999999999999986
WAE,2017,3003.3,10.8
WAE,2018,2671.2,18.000000000000004
WAE,2019,2865.7,23.599999999999998
WAE,2020,2736.1,4.699999999999996
WAE,2021,3107.1,1.7000000000000028
WAE,2022,2598.5,17.7
WAE,2023,2641.8,15.500000000000004
WAE,2024,2709.4,2.8000000000000007
WFJ,2000,7050.8,0.0
WFJ,2001,7256.3,0.0
WFJ,2002,6994.6,0.0
WFJ,2003,6931.7,0.0
WFJ,2004,7357.8,0.0
WFJ,2005,7463.5,0.0
WFJ,2006,6955.8,0.0
WFJ,2007,6967.4,0.0
WFJ,2008,7179.8,0.0
WFJ,2009,7230.6,0.0
WFJ,2010,7626.2,0.0
WFJ,2011,6744.0,0.0
WFJ,2012,7097.3,0.0
WFJ,2013,7256.9,0.0
WFJ,2014,6762.4,0.0
WFJ,2015,6643.7,0.0
WFJ,2016,7026.7,0.0
WFJ,2017,7046.5,0.0
WFJ,2018,6779.7,0.0
WFJ,2019,6861.3,0.0
WFJ,2020,6693.5,0.0
WFJ,2021,7137.2,0.0
WFJ,2022,6224.0,0.0
WFJ,2023,6671.1,0.0
WFJ,2024,6568.8,0.0
WYN,2000,3077.8,0.0
WYN,2001,3250.3,0.0
WYN,2002,3093.5,2.599999999999998
WYN,2003,3351.3,12.099999999999998
WYN,2004,3325.0,0.0
WYN,2005,3428.9,3.0
WYN,2006,3255.5,1.4999999999999964
WYN,2007,3053.4,0.0
WYN,2008,3266.1,0.3999999999999986
WYN,2009,3202.4,0.0
WYN,2010,3568.4,0.8000000000000007
WYN,2011,3027.4,0.1999999999999993
WYN,2012,3286.5,0.5
WYN,2013,3436.8,3.8000000000000043
WYN,2014,2841.4,0.0
WYN,2015,3061.0,18.499999999999996
WYN,2016,3171.9,1.2000000000000028
WYN,2017,3140.3,3.200000000000003
WYN,2018,2810.8,8.500000000000004
WYN,2019,3035.4,15.300000000000004
WYN,2020,2866.4,1.9000000000000021
WYN,2021,3245.8,0.0
WYN,2022,2718.4,8.000000000000004
WYN,2023,2727.6,9.400000000000002
WYN,2024,2827.0,0.3000000000000007
ZER,2000,4892.2,0.0
ZER,2001,4966.5,0.0
ZER,2002,4859.3,0.0
ZER,2003,4694.6,0.0
ZER,2004,5035.2,0.0
ZER,2005,5198.6,0.0
ZER,2006,4754.4,0.0
ZER,2007,4786.5,0.0
ZER,2008,4949.5,0.0
ZER,2009,4888.1,0.0
ZER,2010,5246.8,0.0
ZER,2011,4535.7,0.0
ZER,2012,4864.3,0.0
ZER,2013,5056.1,0.0
ZER,2014,4671.1,0.0
ZER,2015,4535.7,0.0
ZER,2016,4755.8,0.0
ZER,2017,4705.2,0.0
ZER,2018,4497.6,0.0
ZER,2019,4611.7,0.0
ZER,2020,4442.2,0.0
ZER,2021,4821.4,0.0
ZER,2022,4219.7,0.0
ZER,2023,4395.0,0.0
ZER,2024,4397.2,0.0
